Timestamp, Temperature (C), Humidity
2017-12-02 13:53:26,26.8,49.7
2017-12-02 13:48:27,26.8,49.6
2017-12-02 13:43:31,26.9,49.6
2017-12-02 13:38:31,26.9,49.5
2017-12-02 13:33:32,26.8,49.5
2017-12-02 13:28:37,26.8,49.7
2017-12-02 13:23:32,26.8,49.7
2017-12-02 13:18:31,26.8,49.9
2017-12-02 13:13:33,26.8,50
2017-12-02 13:08:36,26.8,49.8
2017-12-02 13:03:34,26.8,49.8
2017-12-02 12:58:36,26.7,49.9
2017-12-02 12:53:32,26.7,49.9
2017-12-02 12:48:43,26.7,49.7
2017-12-02 12:43:42,26.7,49.8
2017-12-02 12:38:37,26.7,49.9
2017-12-02 12:33:38,26.6,49.9
2017-12-02 12:28:39,26.6,49.9
2017-12-02 12:23:39,26.6,50.2
2017-12-02 12:18:43,26.6,50.2
2017-12-02 12:13:46,26.6,50.2
2017-12-02 12:08:47,26.6,50.2
2017-12-02 12:03:59,26.6,50.2
2017-12-02 11:58:47,26.5,50.4
2017-12-02 11:53:49,26.4,50.6
2017-12-02 11:48:42,26.4,50.6
2017-12-02 11:43:47,26.4,50.6
2017-12-02 11:38:48,26.4,50.5
2017-12-02 11:33:45,26.4,50.4
2017-12-02 11:29:07,26.4,50.2
2017-12-02 11:23:44,26.4,50.2
2017-12-02 11:18:45,26.3,50.2
2017-12-02 11:13:58,26.4,50.1
2017-12-02 11:08:59,26.4,50.2
2017-12-02 11:03:52,26.2,50.5
2017-12-02 10:58:52,26.2,50.4
2017-12-02 10:53:55,26.2,50.5
2017-12-02 10:48:55,26.1,50.8
2017-12-02 10:43:57,26.1,50.9
2017-12-02 10:38:50,26.1,51
2017-12-02 10:33:58,26,51
2017-12-02 10:29:02,26,50.9
2017-12-02 10:23:54,26,50.6
2017-12-02 10:18:55,26,50.7
2017-12-02 10:13:59,26,50.6
2017-12-02 10:08:53,25.9,50.3
2017-12-02 10:03:55,25.9,50.2
2017-12-02 09:59:03,25.9,50.2
2017-12-02 09:53:58,25.9,50.2
2017-12-02 09:49:01,25.9,50.6
2017-12-02 09:44:05,25.8,50.8
2017-12-02 09:39:06,25.8,50.9
2017-12-02 09:34:01,25.7,50.7
2017-12-02 09:29:07,25.6,50.6
2017-12-02 09:23:59,25.7,50.4
2017-12-02 09:19:00,25.6,50.2
2017-12-02 09:14:00,25.6,50
2017-12-02 09:09:09,25.6,50
2017-12-02 09:04:10,25.6,49.9
2017-12-02 08:59:06,25.6,50
2017-12-02 08:54:04,25.5,50.2
2017-12-02 08:49:05,25.5,50.3
2017-12-02 08:44:04,25.4,50.2
2017-12-02 08:39:06,25.4,50.2
2017-12-02 08:34:11,25.4,50.2
2017-12-02 08:29:09,25.4,50.1
2017-12-02 08:24:10,25.3,49.9
2017-12-02 08:19:16,25.3,50
2017-12-02 08:14:08,25.2,49.9
2017-12-02 08:09:11,25.2,50
2017-12-02 08:04:19,25.2,49.9
2017-12-02 07:59:17,25,50.3
2017-12-02 07:54:17,24.9,50.6
2017-12-02 07:49:11,24.8,50.9
2017-12-02 07:44:20,24.9,51.1
2017-12-02 07:39:20,24.9,50.9
2017-12-02 07:34:18,25,51
2017-12-02 07:29:21,25,51.1
2017-12-02 07:24:22,25.1,51
2017-12-02 07:19:24,25.2,50.9
2017-12-02 07:14:15,25.2,50.8
2017-12-02 07:09:24,25.2,50.4
2017-12-02 07:04:27,25.2,49.8
2017-12-02 06:59:23,25.3,50.7
2017-12-02 06:54:25,25.5,52.5
2017-12-02 06:49:24,25.9,55
2017-12-02 06:44:25,26.3,58.7
2017-12-02 06:39:24,26.9,61.6
2017-12-02 06:34:28,27.2,63.2
2017-12-02 06:29:29,27.2,63.6
2017-12-02 06:24:24,27.1,64
2017-12-02 06:19:30,27,64.5
2017-12-02 06:14:41,27,64.2
2017-12-02 06:09:30,27,64.1
2017-12-02 06:04:30,27.1,63.9
2017-12-02 05:59:24,27.2,63.4
2017-12-02 05:54:32,27.2,63.7
2017-12-02 05:49:31,27,64.3
2017-12-02 05:44:34,27.1,63.8
2017-12-02 05:39:31,27.1,63.7
2017-12-02 05:34:28,27.1,63.7
2017-12-02 05:29:34,27.2,63.5
2017-12-02 05:24:30,27.2,63.7
2017-12-02 05:19:39,27.1,64.2
2017-12-02 05:14:35,26.9,64
2017-12-02 05:09:33,27,64.5
2017-12-02 05:04:32,27.1,64
2017-12-02 04:59:38,27.1,64
2017-12-02 04:54:32,27.2,63.5
2017-12-02 04:49:38,27.2,63.7
2017-12-02 04:44:38,27.1,64.3
2017-12-02 04:39:38,27.1,64.3
2017-12-02 04:34:42,27.1,64
2017-12-02 04:29:42,27.1,63.9
2017-12-02 04:24:35,27.3,63.1
2017-12-02 04:19:52,27.3,63.2
2017-12-02 04:14:41,27.2,63.8
2017-12-02 04:09:43,27.1,64.4
2017-12-02 04:04:45,27.1,64.5
2017-12-02 03:59:45,27.1,64
2017-12-02 03:54:43,27.2,63.7
2017-12-02 03:49:45,27.4,63
2017-12-02 03:44:50,27.3,63.2
2017-12-02 03:39:50,27.3,63.4
2017-12-02 03:34:59,27.2,63.5
2017-12-02 03:29:46,27.1,63.5
2017-12-02 03:24:51,27.2,63.3
2017-12-02 03:19:44,27.3,63
2017-12-02 03:14:49,27.2,63.1
2017-12-02 03:09:54,27.2,63.3
2017-12-02 03:04:55,27.2,63.4
2017-12-02 03:00:12,27.2,63.6
2017-12-02 02:54:52,27.2,63.6
2017-12-02 02:49:49,27.2,63.5
2017-12-02 02:44:50,27.2,63.4
2017-12-02 02:39:50,27.3,63.3
2017-12-02 02:34:55,27.3,63.2
2017-12-02 02:29:56,27.2,63.6
2017-12-02 02:24:56,27.2,63.6
2017-12-02 02:20:08,27.2,63.5
2017-12-02 02:14:58,27.3,63.2
2017-12-02 02:09:52,27.4,62.9
2017-12-02 02:05:01,27.4,63
2017-12-02 02:02:57,27.4,63
2017-12-02 01:54:59,27.3,63.6
2017-12-02 01:50:00,27.3,63.5
2017-12-02 01:45:15,27.3,63.3
2017-12-02 01:40:04,27.4,63
2017-12-02 01:35:04,27.5,62.8
2017-12-02 01:29:57,27.4,63.1
2017-12-02 01:28:03,27.4,63.1
2017-12-02 01:20:02,27.3,63.4
2017-12-02 01:15:49,27.3,63.4
2017-12-02 01:13:27,27.3,63.4
2017-12-02 01:05:02,27.5,62.9
2017-12-02 01:00:02,27.6,62.5
2017-12-02 00:55:03,27.5,62.8
2017-12-02 00:50:06,27.5,63.2
2017-12-02 00:45:25,27.5,62.7
2017-12-02 00:40:06,27.5,62.7
2017-12-02 00:35:03,27.5,62.7
2017-12-02 00:30:08,27.5,62.7
2017-12-02 00:25:09,27.4,63
2017-12-02 00:20:11,27.4,63
2017-12-02 00:15:15,27.4,63.1
2017-12-02 00:10:14,27.4,63.2
2017-12-02 00:05:08,27.4,62.8
2017-12-02 00:00:11,27.5,62.5
2017-12-01 23:55:15,27.5,62.6
2017-12-01 23:50:12,27.5,62.3
2017-12-01 23:45:16,27.5,62
2017-12-01 23:40:19,27.6,62.1
2017-12-01 23:35:18,27.7,61.5
2017-12-01 23:30:17,27.9,60.8
2017-12-01 23:25:17,27.8,61.2
2017-12-01 23:20:44,27.6,62
2017-12-01 23:10:31,27.4,62.5
2017-12-01 23:08:26,27.4,62.4
2017-12-01 23:01:47,27.5,62.4
2017-12-01 22:50:22,27.6,62
2017-12-01 22:48:40,27.6,61.6
2017-12-01 22:43:37,27.6,61.6
2017-12-01 22:35:22,27.6,61.6
2017-12-01 22:30:19,27.6,61.5
2017-12-01 22:25:21,27.8,60.7
2017-12-01 22:20:25,27.9,60.1
2017-12-01 22:15:27,27.8,60.4
2017-12-01 22:10:27,27.7,60.9
2017-12-01 22:05:31,27.5,61.6
2017-12-01 22:00:24,27.5,61.5
2017-12-01 21:56:05,27.5,61.7
2017-12-01 21:53:41,27.5,61.7
2017-12-01 21:45:33,27.6,61.1
2017-12-01 21:40:25,27.6,60.9
2017-12-01 21:35:26,27.6,60.4
2017-12-01 21:30:31,27.6,60.3
2017-12-01 21:25:35,27.6,60.2
2017-12-01 21:20:33,27.7,59.7
2017-12-01 21:15:35,27.9,59.1
2017-12-01 21:10:31,27.9,58.7
2017-12-01 21:06:00,27.9,58.5
2017-12-01 21:04:13,27.9,58.5
2017-12-01 20:55:44,27.7,59
2017-12-01 20:50:39,27.6,58.7
2017-12-01 20:45:43,27.7,58.5
2017-12-01 20:40:46,27.6,58.3
2017-12-01 20:35:49,27.7,57.1
2017-12-01 20:30:35,27.5,58.2
2017-12-01 20:25:43,27.5,58.1
2017-12-01 20:23:47,27.5,58
2017-12-01 20:15:54,27.5,57.1
2017-12-01 20:10:37,27.5,56.6
2017-12-01 20:09:13,27.5,56.2
2017-12-01 19:58:52,27.7,55.5
2017-12-01 19:50:48,27.5,55.3
2017-12-01 19:45:46,27.2,55.8
2017-12-01 19:40:48,27.2,55.4
2017-12-01 19:39:13,27.2,55.1
2017-12-01 19:25:49,27,54.2
2017-12-01 19:20:46,27,53.6
2017-12-01 19:15:46,27,52.8
2017-12-01 19:10:46,26.8,51.7
2017-12-01 19:06:21,26.8,51.5
2017-12-01 19:05:52,26.7,51
2017-12-01 19:02:20,26.7,50.7
2017-12-01 19:00:50,26.7,50.6
2017-12-01 18:51:05,26.5,50.4
2017-12-01 18:45:55,26.1,50.3
2017-12-01 18:41:44,25.7,50.2
2017-12-01 18:35:57,25.4,50.8
2017-12-01 18:31:06,25.7,50.1
2017-12-01 18:26:27,25.6,51.6
2017-12-01 18:21:02,25.7,52.2
2017-12-01 18:15:51,25.9,51.6
2017-12-01 18:10:54,26,51.4
2017-12-01 18:06:00,26,50.5
2017-12-01 18:04:17,26.1,50.2
2017-12-01 17:54:08,25.6,48.4
2017-12-01 17:46:24,25.4,48.6
2017-12-01 17:35:56,25.5,48.1
2017-12-01 17:30:59,25.8,47.3
2017-12-01 17:28:47,26.1,46.8
2017-12-01 17:21:36,26.1,47.8
2017-12-01 17:06:14,26,49.5
2017-12-01 16:56:06,26.8,47.1
2017-12-01 16:54:20,26.9,46.4
2017-12-01 16:51:12,26.6,47
2017-12-01 16:46:19,26.3,47.2
2017-12-01 16:42:18,25.7,47.1
2017-12-01 16:39:15,25.5,47
2017-12-01 16:31:22,25.5,46.3
2017-12-01 16:30:44,25.5,46.4
2017-12-01 16:21:15,25.8,45.3
2017-12-01 16:19:08,26.1,45.2
2017-12-01 16:11:58,26.1,45.2
2017-12-01 16:11:28,26,45.3
2017-12-01 16:09:23,26.2,44.9
2017-12-01 16:07:59,26.2,44.8
2017-12-01 16:06:36,26.2,44.8
2017-12-01 16:01:45,26.1,45.6
2017-12-01 15:56:29,25.9,45.7
2017-12-01 15:55:24,25.8,46.1
2017-12-01 15:54:45,25.8,45.9
2017-12-01 15:54:15,25.9,46
2017-12-01 15:46:20,26.1,46.1
2017-12-01 15:44:57,26.1,46
2017-12-01 15:35:22,26.2,45.8
2017-12-01 15:34:47,26.2,46.1
2017-12-01 15:26:28,25.9,46.3
2017-12-01 15:22:38,26,46.7
2017-12-01 15:21:22,25.9,46.3
2017-12-01 15:16:42,25.9,46.3
2017-12-01 15:13:14,26.1,46.3
2017-12-01 15:10:43,26.2,45.8
2017-12-01 15:10:07,26.2,45.8
2017-12-01 15:04:28,26.3,45.4
2017-12-01 14:59:30,26,46.2
2017-12-01 14:58:04,26,46.4
2017-12-01 14:57:19,26,46.4
2017-12-01 14:56:28,25.9,46.3
2017-12-01 14:54:35,25.7,46.7
2017-12-01 14:46:37,25.8,46.6
2017-12-01 14:45:47,25.8,46.5
2017-12-01 14:45:16,25.8,46.7
2017-12-01 14:44:47,25.8,46.7
2017-12-01 14:44:17,25.8,46.7
2017-12-01 14:37:41,25.8,46.2
2017-12-01 14:33:20,26.2,46
2017-12-01 14:31:21,26.2,45.7
2017-12-01 14:30:49,26.3,45.5
2017-12-01 14:30:17,26.3,45.7
2017-12-01 14:21:33,25.8,46.8
2017-12-01 14:19:49,25.7,47.2
2017-12-01 14:15:15,25.7,47.2
2017-12-01 14:01:33,25.8,46.3
2017-12-01 14:00:18,25.9,45.9
2017-12-01 13:51:41,26.3,45.8
2017-12-01 13:51:06,26.3,46.1
2017-12-01 13:44:40,25.8,47.5
2017-12-01 13:41:41,25.8,47.7
2017-12-01 13:39:26,25.8,47.4
2017-12-01 13:32:39,26,47
2017-12-01 13:31:44,26.1,46.8
2017-12-01 13:30:31,26.2,46.3
2017-12-01 13:29:58,26.3,46.1
2017-12-01 13:21:26,26.1,46.9
2017-12-01 13:20:39,26.1,47.1
2017-12-01 13:20:07,26,47.2
2017-12-01 13:12:02,25.7,46.7
2017-12-01 13:10:41,25.8,46.9
2017-12-01 13:10:04,25.9,46.8
2017-12-01 13:01:30,26.2,46.3
2017-12-01 12:56:31,26.2,44.8
2017-12-01 12:51:39,26.1,47.1
2017-12-01 12:49:32,26.1,47
2017-12-01 12:42:11,26.1,47.2
2017-12-01 12:41:36,26.1,47
2017-12-01 12:40:04,26.1,47
2017-12-01 12:32:07,26.2,46.6
2017-12-01 12:31:37,26.2,46.8
2017-12-01 12:11:45,25.6,48.5
2017-12-01 12:09:19,25.3,49.1
2017-12-01 11:52:48,25.5,48.4
2017-12-01 11:49:52,25.7,48
2017-12-01 11:41:54,25.9,47.6
2017-12-01 11:38:10,25.5,49
2017-12-01 11:34:57,25.4,49.4
2017-12-01 11:26:51,25.7,48.9
2017-12-01 11:23:31,25.7,48.6
2017-12-01 11:22:30,25.6,48.8
2017-12-01 11:20:38,25.7,48.4
2017-12-01 11:06:44,25.7,49
2017-12-01 11:05:11,25.4,49.6
2017-12-01 10:52:49,25.3,49.9
2017-12-01 10:51:54,25.4,49.9
2017-12-01 10:48:26,25.5,49.4
2017-12-01 10:45:35,25.7,49.2
2017-12-01 10:40:04,25.9,48.9
2017-12-01 10:32:01,25.3,51.8
2017-12-01 10:29:52,25.4,51.8
2017-12-01 10:28:57,25.4,51.6
2017-12-01 10:17:08,25.7,52
2017-12-01 10:07:24,26.1,50.3
2017-12-01 10:05:10,25.6,50.6
2017-12-01 10:01:01,25,51.6
2017-12-01 09:56:27,24.8,50.9
2017-12-01 09:48:55,24.8,51.5
2017-12-01 09:39:15,25,49.8
2017-12-01 09:22:01,24.8,49.6
2017-12-01 09:20:18,24.7,49.8
2017-12-01 09:12:05,25,49.1
2017-12-01 09:10:51,25.1,49.3
2017-12-01 09:05:26,25.2,48.8
2017-12-01 08:53:43,24.9,50.9
2017-12-01 08:38:07,24.8,53.1
2017-12-01 08:29:31,24.8,55.1
2017-12-01 08:26:58,24.8,54.3
2017-12-01 08:25:13,24.8,55
2017-12-01 08:17:07,24.9,54.6
2017-12-01 08:14:46,24.8,55.9
2017-12-01 08:14:04,24.8,56.4
2017-12-01 08:13:28,24.7,56.7
2017-12-01 08:10:35,24.8,56.1
2017-12-01 08:09:49,24.8,56.1
2017-12-01 08:09:06,24.8,56.3
2017-12-01 07:58:00,25.1,56.9
2017-12-01 07:54:13,25.3,55.6
2017-12-01 07:46:00,25,57.4
2017-12-01 07:42:14,24.9,55.7
2017-12-01 07:38:11,25,55.1
2017-12-01 07:37:39,25,55.1
2017-12-01 07:32:18,24.9,51.7
2017-12-01 07:28:19,24.9,51.2
2017-12-01 07:27:47,24.9,51.2
2017-12-01 07:27:16,24.8,51.2
2017-12-01 07:22:16,25,50.6
2017-12-01 07:17:17,24.9,50.9
2017-12-01 07:12:21,24.9,51.8
2017-12-01 07:07:19,24.6,51.8
2017-12-01 07:02:38,24.8,51.3
2017-12-01 06:57:35,25,50.6
2017-12-01 06:52:18,25,50
2017-12-01 06:47:20,25.1,51.9
2017-12-01 06:42:18,25.1,54.7
2017-12-01 06:37:20,25.4,56.1
2017-12-01 06:32:23,25.4,56.4
2017-12-01 06:27:29,25.4,56.4
2017-12-01 06:22:21,25.8,55.4
2017-12-01 06:17:33,25.8,55.8
2017-12-01 06:12:29,25.6,56.9
2017-12-01 06:07:55,25.5,57.7
2017-12-01 06:07:25,25.5,57.8
2017-12-01 06:02:29,25.5,58.1
2017-12-01 05:57:40,25.5,58.3
2017-12-01 05:52:25,25.9,57.6
2017-12-01 05:47:30,26.2,57
2017-12-01 05:42:32,26.2,56.7
2017-12-01 05:37:56,26.5,59.7
2017-12-01 05:37:25,26.5,58.9
2017-12-01 05:32:32,27.1,63.6
2017-12-01 05:27:33,27.1,63.6
2017-12-01 05:22:34,27.2,63.3
2017-12-01 05:17:33,27.2,63
2017-12-01 05:12:38,27.2,63.1
2017-12-01 05:07:39,27.2,63.5
2017-12-01 05:02:31,27.2,63.5
2017-12-01 04:57:40,27.2,63.4
2017-12-01 04:52:42,27.2,63.3
2017-12-01 04:47:41,27.3,63
2017-12-01 04:42:41,27.3,63
2017-12-01 04:37:36,27.2,63.1
2017-12-01 04:32:36,27.2,63
2017-12-01 04:28:07,27.3,62.8
2017-12-01 04:22:48,27.4,62.3
2017-12-01 04:17:41,27.5,61.9
2017-12-01 04:12:43,27.4,62.4
2017-12-01 04:07:39,27.4,62.6
2017-12-01 04:02:42,27.3,62.9
2017-12-01 03:57:46,27.3,62.8
2017-12-01 03:53:10,27.3,62.7
2017-12-01 03:47:41,27.4,62.5
2017-12-01 03:42:45,27.4,62.3
2017-12-01 03:38:20,27.3,62.6
2017-12-01 03:37:50,27.4,62.5
2017-12-01 03:32:45,27.3,63
2017-12-01 03:28:19,27.3,62.7
2017-12-01 03:27:49,27.3,62.6
2017-12-01 03:23:20,27.3,62.4
2017-12-01 03:22:50,27.3,62.4
2017-12-01 03:17:52,27.4,62.2
2017-12-01 03:12:46,27.5,61.8
2017-12-01 03:07:47,27.4,62.2
2017-12-01 03:02:52,27.4,62.4
2017-12-01 02:57:48,27.3,62.5
2017-12-01 02:52:48,27.3,62.5
2017-12-01 02:48:55,27.3,62.3
2017-12-01 02:48:25,27.3,62.2
2017-12-01 02:47:54,27.3,62.3
2017-12-01 02:42:57,27.4,61.8
2017-12-01 02:37:53,27.5,61.6
2017-12-01 02:33:30,27.5,61.9
2017-12-01 02:32:59,27.4,61.9
2017-12-01 02:27:58,27.4,62.3
2017-12-01 02:23:07,27.3,62.4
2017-12-01 02:17:57,27.4,62.2
2017-12-01 02:12:55,27.5,61.8
2017-12-01 02:07:53,27.6,61.2
2017-12-01 02:03:02,27.7,61.3
2017-12-01 01:57:57,27.5,61.9
2017-12-01 01:53:00,27.4,62.2
2017-12-01 01:48:33,27.4,62.2
2017-12-01 01:48:03,27.4,62.2
2017-12-01 01:43:41,27.4,62.1
2017-12-01 01:43:11,27.4,62.1
2017-12-01 01:38:34,27.5,61.9
2017-12-01 01:38:02,27.5,61.9
2017-12-01 01:33:05,27.5,62.1
2017-12-01 01:31:37,27.5,62.1
2017-12-01 01:23:07,27.5,61.9
2017-12-01 01:21:34,27.5,62
2017-12-01 01:12:30,27.6,61.8
2017-12-01 01:03:07,27.7,61.6
2017-12-01 00:58:04,27.7,61.3
2017-12-01 00:53:02,27.8,61.1
2017-12-01 00:48:50,27.9,60.8
2017-12-01 00:48:08,27.9,60.9
2017-12-01 00:47:05,27.8,61.1
2017-12-01 00:38:08,27.6,62.3
2017-12-01 00:36:07,27.6,62.2
2017-12-01 00:28:24,27.7,61.5
2017-12-01 00:18:27,27.6,61.4
2017-12-01 00:13:16,27.7,61.3
2017-12-01 00:12:01,27.7,61.1
2017-12-01 00:11:31,27.7,61.3
2017-12-01 00:04:32,27.7,60.9
2017-12-01 00:01:34,27.8,60.8
2017-11-30 23:59:44,27.8,60.9
2017-11-30 23:59:14,27.8,60.8
2017-11-30 23:58:44,27.8,60.9
2017-11-30 23:58:14,27.8,60.6
2017-11-30 23:53:12,27.8,60.2
2017-11-30 23:48:15,27.8,60.3
2017-11-30 23:43:19,27.9,60
2017-11-30 23:38:28,27.8,60.5
2017-11-30 23:33:21,27.6,61.1
2017-11-30 23:28:18,27.6,60.8
2017-11-30 23:23:16,27.6,60.7
2017-11-30 23:19:11,27.6,60.7
2017-11-30 23:14:52,27.6,60.4
2017-11-30 22:58:23,27.7,59.8
2017-11-30 22:56:36,27.8,59.9
2017-11-30 22:48:31,27.8,59.5
2017-11-30 22:46:59,27.8,59.4
2017-11-30 22:46:29,27.8,59.2
2017-11-30 22:38:26,27.9,58.8
2017-11-30 22:33:25,27.8,58.6
2017-11-30 22:31:29,27.8,58.9
2017-11-30 22:23:28,27.6,58.6
2017-11-30 22:18:27,27.6,58.3
2017-11-30 22:16:30,27.6,58.3
2017-11-30 22:08:30,27.6,57.8
2017-11-30 22:06:33,27.6,57.7
2017-11-30 22:04:27,27.6,57.6
2017-11-30 22:03:56,27.7,57.5
2017-11-30 22:01:36,27.5,57.4
2017-11-30 21:56:40,27.7,57.1
2017-11-30 21:54:44,27.7,57
2017-11-30 21:54:13,27.7,57.2
2017-11-30 21:53:40,27.6,57
2017-11-30 21:52:23,27.7,56.9
2017-11-30 21:43:33,27.8,56.2
2017-11-30 21:41:39,27.8,55.9
2017-11-30 21:33:44,27.9,55.2
2017-11-30 21:31:45,27.9,55.2
2017-11-30 21:23:40,27.6,55.9
2017-11-30 21:22:30,27.6,55.6
2017-11-30 21:21:57,27.7,55.6
2017-11-30 21:14:04,27.7,55.2
2017-11-30 21:13:34,27.7,55.1
2017-11-30 21:08:31,27.7,54.8
2017-11-30 21:03:37,27.6,54.8
2017-11-30 21:00:54,27.5,54.9
2017-11-30 20:45:42,27.6,54
2017-11-30 20:45:11,27.6,54
2017-11-30 20:23:35,27.7,52.5
2017-11-30 20:21:56,27.7,52.7
2017-11-30 20:15:14,27.5,53.1
2017-11-30 20:14:37,27.5,52.8
2017-11-30 20:09:26,27.5,52.6
2017-11-30 20:08:50,27.5,52.6
2017-11-30 20:03:47,27.5,52.2
2017-11-30 19:58:48,27.4,52.4
2017-11-30 19:57:04,27.4,52.6
2017-11-30 19:48:44,27.3,52.3
2017-11-30 19:43:56,27.3,52.1
2017-11-30 19:40:07,27.3,52.1
2017-11-30 19:38:21,27.3,51.8
2017-11-30 19:33:31,27.4,51.2
2017-11-30 19:31:42,27.4,51
2017-11-30 19:24:12,27.2,51.4
2017-11-30 19:22:54,27.2,51.4
2017-11-30 19:14:03,27,51.5
2017-11-30 19:04:42,26.8,50.5
2017-11-30 19:03:49,26.7,50.3
2017-11-30 19:00:51,26.7,50.1
2017-11-30 18:53:35,26.5,49.3
2017-11-30 18:47:11,26.2,48.7
2017-11-30 18:38:48,25.6,49.7
2017-11-30 18:34:37,25.4,50.4
2017-11-30 18:30:40,25.6,49.9
2017-11-30 18:27:20,25.7,49.8
2017-11-30 18:19:12,26.1,49.7
2017-11-30 18:15:36,26.1,49.4
2017-11-30 18:03:55,25,47.6
2017-11-30 18:03:15,25,47.5
2017-11-30 17:48:55,25.4,46.1
2017-11-30 17:47:25,25.5,45.8
2017-11-30 17:39:19,25.9,45.3
2017-11-30 17:29:06,25.4,46.7
2017-11-30 17:26:00,25.4,46.7
2017-11-30 17:17:32,25.6,46.4
2017-11-30 17:04:38,25.7,46.4
2017-11-30 17:02:56,25.8,46.4
2017-11-30 16:54:12,25.7,47.1
2017-11-30 16:50:24,25.6,47.4
2017-11-30 16:49:04,25.6,47.3
2017-11-30 16:44:04,25.6,47.7
2017-11-30 16:39:40,25.8,47.1
2017-11-30 16:37:37,26,47.5
2017-11-30 16:36:50,26,47.4
2017-11-30 16:26:39,25.6,48.9
2017-11-30 16:17:56,25.8,46.4
2017-11-30 16:09:03,25.9,46.4
2017-11-30 16:07:26,26,46.5
2017-11-30 16:06:55,26,46.4
2017-11-30 16:05:54,26.1,46.4
2017-11-30 15:54:34,26,46.8
2017-11-30 15:52:20,25.6,47.4
2017-11-30 15:45:20,25.8,46.9
2017-11-30 15:34:19,26,46.4
2017-11-30 15:32:31,26.3,45.6
2017-11-30 15:30:31,26.5,45.2
2017-11-30 15:29:39,26.6,45.4
2017-11-30 15:27:35,26.3,45.8
2017-11-30 15:23:11,26.1,46.5
2017-11-30 15:14:14,25.9,47
2017-11-30 15:11:13,25.9,46.9
2017-11-30 15:10:14,25.9,46.7
2017-11-30 14:55:44,26.2,46.6
2017-11-30 14:54:48,26.2,46.4
2017-11-30 14:48:45,26,47.1
2017-11-30 14:39:18,25.6,48
2017-11-30 14:34:40,25.6,48
2017-11-30 14:31:01,25.8,47.7
2017-11-30 14:27:46,25.9,47.3
2017-11-30 14:20:40,26,47.3
2017-11-30 14:19:30,26,47.3
2017-11-30 14:17:40,25.9,47
2017-11-30 14:09:38,25.7,47.8
2017-11-30 14:08:08,25.7,47.7
2017-11-30 14:00:01,25.8,47.3
2017-11-30 13:49:29,26.4,45.8
2017-11-30 13:34:34,25.6,47.9
2017-11-30 13:32:48,25.7,47.8
2017-11-30 13:24:29,25.8,47.2
2017-11-30 13:23:28,25.8,47.2
2017-11-30 13:14:31,26.1,47
2017-11-30 13:12:49,26.1,46.8
2017-11-30 13:03:54,26.2,46.9
2017-11-30 13:02:54,26.2,47
2017-11-30 13:00:16,26,47.4
2017-11-30 12:45:28,25.7,49
2017-11-30 12:42:00,25.6,48.5
2017-11-30 12:31:34,26.1,47.4
2017-11-30 12:29:25,26,47.4
2017-11-30 12:14:39,25.6,48.6
2017-11-30 12:09:50,25.5,48.8
2017-11-30 12:07:37,25.5,48.4
2017-11-30 12:04:49,25.4,48.6
2017-11-30 12:02:47,25.4,48.6
2017-11-30 11:57:41,25.1,49.4
2017-11-30 11:50:49,25.2,49.4
2017-11-30 11:48:51,25.2,49.2
2017-11-30 11:39:52,25.6,47.9
2017-11-30 11:38:31,25.7,47.6
2017-11-30 11:25:05,25.3,49
2017-11-30 11:20:07,25.5,48.5
2017-11-30 11:06:16,25.9,46.7
2017-11-30 10:58:12,25.4,48.7
2017-11-30 10:52:55,25.4,48.7
2017-11-30 10:45:00,25.5,48.3
2017-11-30 10:38:02,25.7,47.5
2017-11-30 10:30:16,25.4,48.3
2017-11-30 10:28:12,25.1,49
2017-11-30 10:19:58,25.1,49.2
2017-11-30 10:17:36,25.2,49
2017-11-30 10:11:30,25.1,49.3
2017-11-30 10:10:50,25.1,49.3
2017-11-30 10:08:47,25.2,49
2017-11-30 10:00:07,25.1,49.4
2017-11-30 09:58:13,25.1,49.6
2017-11-30 09:50:29,24.9,50.2
2017-11-30 09:45:00,25,50.2
2017-11-30 09:41:09,25,49.6
2017-11-30 09:40:13,25.1,49.5
2017-11-30 09:36:30,25.4,48.4
2017-11-30 09:25:09,25,49.6
2017-11-30 09:11:12,25,49.2
2017-11-30 08:51:26,25.2,49.1
2017-11-30 08:50:37,25.1,49.1
2017-11-30 08:49:00,25.1,49.2
2017-11-30 08:41:26,25,48.7
2017-11-30 08:40:39,25.1,48.6
2017-11-30 08:39:27,25.1,48.6
2017-11-30 08:38:47,25.1,48.3
2017-11-30 08:38:17,25.2,48.3
2017-11-30 08:33:26,25.3,48.3
2017-11-30 08:25:15,24.8,50
2017-11-30 08:21:19,24.9,50.9
2017-11-30 08:16:45,24.6,50.4
2017-11-30 08:16:12,24.6,50.3
2017-11-30 08:15:30,24.6,50
2017-11-30 08:10:24,24.8,49.8
2017-11-30 08:08:37,24.8,49.6
2017-11-30 08:04:31,25,49.6
2017-11-30 08:03:51,25,49.3
2017-11-30 07:50:11,24.7,49.5
2017-11-30 07:45:29,25,49.4
2017-11-30 07:40:29,25.2,49.3
2017-11-30 07:35:13,24.9,50.6
2017-11-30 07:30:29,24.7,50.8
2017-11-30 07:25:11,24.7,51.2
2017-11-30 07:20:30,24.9,51.6
2017-11-30 07:15:19,24.7,51.6
2017-11-30 07:10:20,24.9,52.2
2017-11-30 07:08:32,24.9,52.5
2017-11-30 07:00:22,24.7,52.5
2017-11-30 06:51:04,24.8,52.4
2017-11-30 06:50:34,24.8,52.6
2017-11-30 06:45:21,24.9,53.8
2017-11-30 06:44:25,25,53.8
2017-11-30 06:36:13,25.5,55.7
2017-11-30 06:35:39,25.6,55.4
2017-11-30 06:31:42,25.4,56.3
2017-11-30 06:21:54,25.2,57.7
2017-11-30 06:21:22,25.2,58
2017-11-30 06:20:52,25.2,57.8
2017-11-30 06:20:22,25.3,57.8
2017-11-30 06:15:29,25.3,58.1
2017-11-30 06:11:23,25.4,58
2017-11-30 06:10:53,25.4,57.8
2017-11-30 06:10:23,25.4,57.5
2017-11-30 06:05:45,25.6,58
2017-11-30 06:00:28,25.4,59.1
2017-11-30 05:55:27,25.4,59.6
2017-11-30 05:50:38,25.5,59.4
2017-11-30 05:45:47,25.6,59
2017-11-30 05:40:27,26.2,57.5
2017-11-30 05:35:32,27,60.2
2017-11-30 05:31:00,27.1,64.4
2017-11-30 05:25:36,27,64.6
2017-11-30 05:20:36,27.2,64
2017-11-30 05:15:35,27.3,63.5
2017-11-30 05:10:33,27.2,63.7
2017-11-30 05:05:36,27.1,64.4
2017-11-30 05:01:07,27,64.7
2017-11-30 05:00:32,27,64.9
2017-11-30 04:55:34,26.9,64.7
2017-11-30 04:50:43,26.9,64.5
2017-11-30 04:45:37,27,64.8
2017-11-30 04:41:04,27.1,64.6
2017-11-30 04:40:34,27.1,64.4
2017-11-30 04:35:33,27.1,64.5
2017-11-30 04:30:48,27,64.8
2017-11-30 04:25:39,27,65
2017-11-30 04:20:38,27.1,64.7
2017-11-30 04:15:56,27.2,64.2
2017-11-30 04:10:37,27.2,63.9
2017-11-30 04:05:45,27.2,63.9
2017-11-30 04:01:58,27.3,63.8
2017-11-30 03:50:42,27.3,63.6
2017-11-30 03:48:37,27.3,63.8
2017-11-30 03:40:53,27.3,63.9
2017-11-30 03:35:52,27.2,64.2
2017-11-30 03:26:12,27.1,64.8
2017-11-30 03:18:54,27.2,64.4
2017-11-30 03:11:26,27.3,64
2017-11-30 03:02:42,27.3,63.9
2017-11-30 03:00:49,27.3,63.7
2017-11-30 02:55:50,27.3,63.7
2017-11-30 02:52:48,27.3,63.5
2017-11-30 02:38:55,27.5,62.6
2017-11-30 02:30:49,27.4,63.4
2017-11-30 02:28:57,27.2,63.6
2017-11-30 02:24:05,27.3,63.5
2017-11-30 02:20:58,27.3,63.4
2017-11-30 02:18:57,27.3,63.4
2017-11-30 02:11:07,27.3,62.8
2017-11-30 02:07:19,27.3,63
2017-11-30 01:56:01,27.2,62.9
2017-11-30 01:54:16,27.2,63
2017-11-30 01:46:08,27.4,62.3
2017-11-30 01:44:06,27.5,62.1
2017-11-30 01:37:20,27.7,60.8
2017-11-30 01:26:02,27.6,61.2
2017-11-30 01:23:57,27.6,61
2017-11-30 01:16:00,27.5,61.3
2017-11-30 01:13:32,27.5,61.2
2017-11-30 00:51:18,27.4,61.6
2017-11-30 00:50:46,27.4,61.6
2017-11-30 00:50:10,27.4,61.6
2017-11-30 00:33:02,27.6,60.5
2017-11-30 00:16:12,27.8,59.1
2017-11-30 00:14:25,27.8,59.3
2017-11-30 00:01:13,27.6,58.9
2017-11-29 23:56:16,27.5,59.2
2017-11-29 23:54:39,27.5,59.1
2017-11-29 23:46:11,27.5,58.2
2017-11-29 23:44:34,27.6,58.2
2017-11-29 23:43:03,27.6,58
2017-11-29 23:37:38,27.5,57.8
2017-11-29 23:37:08,27.5,57.8
2017-11-29 23:31:23,27.6,57.4
2017-11-29 23:26:53,27.5,57.8
2017-11-29 23:26:16,27.5,57.7
2017-11-29 23:21:34,27.7,57.3
2017-11-29 23:16:21,27.8,57
2017-11-29 23:11:16,27.8,56.5
2017-11-29 23:06:22,27.6,56.6
2017-11-29 23:04:56,27.6,56.6
2017-11-29 22:56:54,27.5,56.9
2017-11-29 22:56:20,27.5,57
2017-11-29 22:54:30,27.5,56.8
2017-11-29 22:46:54,27.6,56.4
2017-11-29 22:46:21,27.5,56.5
2017-11-29 22:42:31,27.6,56.3
2017-11-29 22:41:56,27.5,56.4
2017-11-29 22:41:26,27.5,56.3
2017-11-29 22:36:34,27.6,56.1
2017-11-29 22:31:24,27.6,55.9
2017-11-29 22:26:30,27.6,55.9
2017-11-29 22:23:19,27.6,55.9
2017-11-29 22:11:24,27.8,54.7
2017-11-29 22:10:11,27.8,54.8
2017-11-29 22:01:24,27.7,54.6
2017-11-29 21:56:30,27.5,55.1
2017-11-29 21:53:22,27.5,55.2
2017-11-29 21:41:39,27.7,54.4
2017-11-29 21:37:33,27.7,54
2017-11-29 21:36:34,27.7,53.9
2017-11-29 21:31:19,27.7,53.9
2017-11-29 21:30:49,27.7,54
2017-11-29 21:30:17,27.7,54
2017-11-29 21:29:47,27.7,54.1
2017-11-29 21:24:41,27.7,54.3
2017-11-29 21:16:35,27.7,53.8
2017-11-29 21:14:31,27.8,53.7
2017-11-29 21:06:38,27.9,52.7
2017-11-29 21:01:59,27.8,52.8
2017-11-29 20:59:49,27.7,53.1
2017-11-29 20:56:49,27.7,53.2
2017-11-29 20:55:21,27.7,53
2017-11-29 20:48:12,27.6,53.5
2017-11-29 20:37:08,27.5,53.1
2017-11-29 20:36:19,27.5,53
2017-11-29 20:35:27,27.5,53
2017-11-29 20:29:41,27.4,53.3
2017-11-29 20:21:40,27.4,53.1
2017-11-29 20:20:08,27.4,52.9
2017-11-29 20:11:36,27.5,52.3
2017-11-29 20:09:34,27.6,51.6
2017-11-29 20:01:50,27.7,50.9
2017-11-29 19:59:59,27.5,51.1
2017-11-29 19:51:59,27.4,50.9
2017-11-29 19:50:04,27.4,50.9
2017-11-29 19:45:15,27.3,50.9
2017-11-29 19:31:52,27.2,50.2
2017-11-29 19:28:26,27.1,50
2017-11-29 19:12:34,27,49.4
2017-11-29 19:08:59,27,49.1
2017-11-29 18:55:00,26.7,47.7
2017-11-29 18:47:03,26.1,47.9
2017-11-29 18:40:34,25.7,48.4
2017-11-29 18:26:47,25.2,48.1
2017-11-29 18:26:31,25.2,48
2017-11-29 18:17:42,25.7,47.9
2017-11-29 18:15:15,25.8,47.7
2017-11-29 18:09:50,25.9,48.4
2017-11-29 18:01:33,26.1,49
2017-11-29 17:51:38,26.1,48.1
2017-11-29 17:50:46,26.1,47.9
2017-11-29 17:42:27,26.1,46
2017-11-29 17:40:30,26.1,45.8
2017-11-29 17:40:00,26.1,45.8
2017-11-29 17:32:03,25.2,45.8
2017-11-29 17:27:43,25.2,45.9
2017-11-29 17:14:51,25.4,45.1
2017-11-29 17:07:17,25.5,45.1
2017-11-29 17:06:27,25.4,45.2
2017-11-29 16:57:15,25.2,46.1
2017-11-29 16:55:46,25.3,46.1
2017-11-29 16:53:24,25.2,46.1
2017-11-29 16:52:54,25.2,46.1
2017-11-29 16:52:08,25.2,46.4
2017-11-29 16:51:05,25.2,46.1
2017-11-29 16:35:08,25.7,45.3
2017-11-29 16:27:16,25.1,47
2017-11-29 16:25:34,25.2,46.8
2017-11-29 16:17:31,25.3,47
2017-11-29 16:13:28,25.3,46.9
2017-11-29 16:02:56,25.6,46.2
2017-11-29 16:00:22,25.3,47.2
2017-11-29 15:52:29,25.3,47.4
2017-11-29 15:47:14,25.4,47.1
2017-11-29 15:45:37,25.4,47.3
2017-11-29 15:41:17,25.6,47.2
2017-11-29 15:33:34,25.8,46.7
2017-11-29 15:32:20,25.8,46.8
2017-11-29 15:27:28,25.4,48.4
2017-11-29 15:23:23,25.4,48.7
2017-11-29 15:22:52,25.4,48.6
2017-11-29 15:21:01,25.5,48.3
2017-11-29 15:10:44,25.8,47.6
2017-11-29 15:06:53,25.9,47.2
2017-11-29 14:57:34,26,47.3
2017-11-29 14:55:44,25.9,47
2017-11-29 14:47:19,25.7,46.7
2017-11-29 14:46:44,25.7,46.4
2017-11-29 14:31:45,25.3,47.5
2017-11-29 14:26:32,25.1,47.8
2017-11-29 14:25:52,25.1,47.9
2017-11-29 14:18:03,25.2,47.7
2017-11-29 14:16:21,25.2,47.7
2017-11-29 14:00:32,25.3,47.3
2017-11-29 13:52:43,25.2,47.8
2017-11-29 13:50:55,25.2,47.9
2017-11-29 13:45:23,25.3,47.8
2017-11-29 13:38:29,25.7,46.4
2017-11-29 13:36:02,25.8,46.1
2017-11-29 13:30:56,25.7,46.7
2017-11-29 13:24:28,25.3,48
2017-11-29 13:15:52,25.5,48
2017-11-29 13:07:50,25.4,48.4
2017-11-29 13:06:20,25.4,48.3
2017-11-29 13:05:45,25.4,48.3
2017-11-29 12:58:00,25.5,48
2017-11-29 12:57:09,25.6,48.3
2017-11-29 12:48:43,25.3,48.6
2017-11-29 12:47:04,25.5,48.3
2017-11-29 12:38:38,25.6,48.1
2017-11-29 12:36:43,25.5,47.9
2017-11-29 12:27:40,25.6,47.7
2017-11-29 12:27:15,25.6,47.6
2017-11-29 12:12:41,25.4,48.1
2017-11-29 12:12:09,25.3,48.1
2017-11-29 11:58:15,25.3,48.1
2017-11-29 11:55:53,25.3,47.7
2017-11-29 11:42:50,25.3,47.7
2017-11-29 11:41:24,25.3,47.7
2017-11-29 11:36:21,24.9,48.8
2017-11-29 11:31:35,25,48.7
2017-11-29 11:18:05,25.5,46.7
2017-11-29 11:13:50,25.6,46.5
2017-11-29 11:02:48,24.9,48.7
2017-11-29 11:00:02,25,48.5
2017-11-29 10:47:46,25.4,47.4
2017-11-29 10:45:17,25.3,48.1
2017-11-29 10:30:46,24.8,49.5
2017-11-29 10:26:44,24.8,49.4
2017-11-29 10:19:59,25.1,48.6
2017-11-29 10:07:56,24.9,49.4
2017-11-29 10:04:39,24.6,50.2
2017-11-29 10:02:44,24.6,50.1
2017-11-29 10:01:23,24.6,50.1
2017-11-29 09:53:37,24.7,50.2
2017-11-29 09:49:30,24.7,50.3
2017-11-29 09:38:39,25,49.3
2017-11-29 09:37:57,25.1,49.3
2017-11-29 09:36:25,24.8,49.9
2017-11-29 09:29:54,24.7,50.4
2017-11-29 09:12:49,25.2,48.7
2017-11-29 09:04:19,24.7,50.3
2017-11-29 08:53:10,24.9,50.6
2017-11-29 08:49:48,25,50.6
2017-11-29 08:40:19,25,52.2
2017-11-29 08:28:04,24.6,53.2
2017-11-29 08:23:15,24.8,54
2017-11-29 08:18:07,24.8,52.9
2017-11-29 08:13:25,25.2,52.5
2017-11-29 08:11:38,25.2,52.8
2017-11-29 08:03:55,25.3,53.5
2017-11-29 08:03:22,25.2,54.1
2017-11-29 08:01:46,25.1,54.6
2017-11-29 07:57:17,25,54.6
2017-11-29 07:51:22,25,54.5
2017-11-29 07:44:18,25.1,52.8
2017-11-29 07:43:26,25.1,52.5
2017-11-29 07:38:49,25.2,51.6
2017-11-29 07:38:19,25.2,51.3
2017-11-29 07:36:55,25.1,51.2
2017-11-29 07:28:18,24.5,52.1
2017-11-29 07:23:21,24.6,51.6
2017-11-29 07:20:53,24.7,52
2017-11-29 07:06:41,24.9,52.6
2017-11-29 06:59:59,24.5,54.6
2017-11-29 06:53:21,24.7,54.4
2017-11-29 06:48:58,24.9,55.4
2017-11-29 06:48:28,24.9,55.4
2017-11-29 06:43:17,25,55.7
2017-11-29 06:38:25,25.1,56.4
2017-11-29 06:33:25,25,58.3
2017-11-29 06:28:55,25,60.1
2017-11-29 06:28:22,25,60.4
2017-11-29 06:23:28,24.7,59.6
2017-11-29 06:18:25,24.8,59.3
2017-11-29 06:13:19,25.1,60.2
2017-11-29 06:08:23,25,58.7
2017-11-29 06:03:25,25.1,60.8
2017-11-29 05:58:23,24.9,60.6
2017-11-29 05:53:25,24.9,59.6
2017-11-29 05:48:56,25.2,60.8
2017-11-29 05:43:28,24.9,58.9
2017-11-29 05:38:25,25.4,57.4
2017-11-29 05:33:56,26,58.9
2017-11-29 05:33:26,26,59.6
2017-11-29 05:28:36,25.7,60.6
2017-11-29 05:23:32,25.8,60.5
2017-11-29 05:18:45,25.8,60.3
2017-11-29 05:14:36,25.9,59.8
2017-11-29 05:13:59,25.9,59.6
2017-11-29 05:13:29,26,60
2017-11-29 05:08:35,26.1,59.8
2017-11-29 05:03:33,25.9,60
2017-11-29 04:58:35,25.7,60.8
2017-11-29 04:53:52,25.7,60.6
2017-11-29 04:48:43,25.8,60.3
2017-11-29 04:45:00,25.9,59.9
2017-11-29 04:44:16,26,60.2
2017-11-29 04:43:46,26,60.1
2017-11-29 04:38:47,26.1,59.4
2017-11-29 04:33:34,26,60
2017-11-29 04:28:37,25.9,60.1
2017-11-29 04:23:41,25.8,60
2017-11-29 04:18:39,25.9,59.9
2017-11-29 04:14:14,26,59.8
2017-11-29 04:13:44,26,59.8
2017-11-29 04:08:35,26.2,59.1
2017-11-29 04:04:09,26.1,59.6
2017-11-29 04:03:39,26.1,59.7
2017-11-29 03:58:40,25.8,60
2017-11-29 03:53:45,25.8,60
2017-11-29 03:48:47,25.9,59.8
2017-11-29 03:43:40,26,59.9
2017-11-29 03:38:47,26.1,59.6
2017-11-29 03:33:55,25.9,59.4
2017-11-29 03:28:55,25.8,60
2017-11-29 03:23:58,25.8,59.6
2017-11-29 03:18:49,25.9,59.3
2017-11-29 03:13:50,26.1,59.2
2017-11-29 03:08:52,26.2,58.7
2017-11-29 03:03:50,26.2,58.8
2017-11-29 02:58:57,25.8,59.5
2017-11-29 02:54:16,25.9,59.4
2017-11-29 02:53:46,25.9,59.4
2017-11-29 02:48:48,25.9,59.3
2017-11-29 02:43:59,25.9,58.9
2017-11-29 02:38:58,26.2,58.6
2017-11-29 02:33:48,26.2,58.7
2017-11-29 02:28:56,25.8,59.3
2017-11-29 02:23:54,25.8,59.3
2017-11-29 02:19:06,25.9,59.1
2017-11-29 02:13:55,25.9,58.8
2017-11-29 02:08:59,26.2,58.6
2017-11-29 02:04:00,26.2,58.5
2017-11-29 01:59:42,26.1,58.9
2017-11-29 01:59:12,26,59
2017-11-29 01:54:08,26,58.9
2017-11-29 01:49:03,26,58.8
2017-11-29 01:44:28,26,58.8
2017-11-29 01:43:58,26,58.8
2017-11-29 01:39:10,26.3,58
2017-11-29 01:33:59,26.2,58.1
2017-11-29 01:29:03,26,58.8
2017-11-29 01:24:42,26,59
2017-11-29 01:24:06,26,59
2017-11-29 01:19:16,26,58.9
2017-11-29 01:14:07,26,58.6
2017-11-29 01:09:02,26.2,57.8
2017-11-29 01:04:05,26.2,58
2017-11-29 00:59:01,26,58.8
2017-11-29 00:54:11,26,58.7
2017-11-29 00:49:32,26.1,58.4
2017-11-29 00:49:02,26.1,58.3
2017-11-29 00:44:04,26.1,58.1
2017-11-29 00:39:11,26.2,57.7
2017-11-29 00:34:21,26.3,57.6
2017-11-29 00:29:10,26.2,58.1
2017-11-29 00:24:20,26,58.3
2017-11-29 00:19:13,26.1,58.3
2017-11-29 00:14:20,26.1,58
2017-11-29 00:09:09,26.2,57.6
2017-11-29 00:04:16,26.2,57.5
2017-11-28 23:59:15,26.2,57.6
2017-11-28 23:54:19,26.1,58.1
2017-11-28 23:50:04,26.1,58
2017-11-28 23:49:20,26.1,58
2017-11-28 23:44:10,26,58
2017-11-28 23:39:12,26.2,57.5
2017-11-28 23:34:15,26.3,57
2017-11-28 23:29:14,26.3,57
2017-11-28 23:24:14,26.1,57.6
2017-11-28 23:19:17,26.1,57.6
2017-11-28 23:14:14,26.1,57.7
2017-11-28 23:09:27,26.2,57.4
2017-11-28 23:04:32,26.3,56.9
2017-11-28 22:59:14,26.3,56.9
2017-11-28 22:54:22,26.1,57.4
2017-11-28 22:49:19,26.1,57.3
2017-11-28 22:44:31,26.2,57.1
2017-11-28 22:39:21,26.2,56.9
2017-11-28 22:34:24,26.3,56.6
2017-11-28 22:29:20,26.3,56.5
2017-11-28 22:24:33,26.2,56.8
2017-11-28 22:19:27,26.2,56.7
2017-11-28 22:14:28,26.2,56.7
2017-11-28 22:09:26,26.2,56.6
2017-11-28 22:04:39,26.3,56.4
2017-11-28 21:59:29,26.3,56.3
2017-11-28 21:54:59,26.3,56.3
2017-11-28 21:54:24,26.2,56.4
2017-11-28 21:49:28,26.3,56.4
2017-11-28 21:44:27,26.3,56.2
2017-11-28 21:39:25,26.3,55.9
2017-11-28 21:34:29,26.3,55.7
2017-11-28 21:29:35,26.3,55.6
2017-11-28 21:24:31,26.4,55.5
2017-11-28 21:19:31,26.3,55.5
2017-11-28 21:14:31,26.5,54.8
2017-11-28 21:09:43,26.6,54.7
2017-11-28 21:04:35,26.5,55
2017-11-28 20:59:31,26.3,55.4
2017-11-28 20:54:42,26.3,55.7
2017-11-28 20:49:45,26.2,55.8
2017-11-28 20:44:36,26.2,55.7
2017-11-28 20:39:38,26.2,55.5
2017-11-28 20:34:37,26.3,55.3
2017-11-28 20:29:48,26.4,54.9
2017-11-28 20:24:36,26.3,55.2
2017-11-28 20:19:53,26.2,55.4
2017-11-28 20:14:42,26.2,55
2017-11-28 20:09:40,26.3,54.8
2017-11-28 20:04:41,26.5,54.3
2017-11-28 19:59:40,26.5,54.1
2017-11-28 19:54:43,26.3,54.8
2017-11-28 19:49:46,26.1,55.3
2017-11-28 19:44:42,26,55.4
2017-11-28 19:39:48,26,55.3
2017-11-28 19:34:58,26,55.1
2017-11-28 19:29:51,26,54.7
2017-11-28 19:24:44,26.1,54.3
2017-11-28 19:19:43,26.1,53.9
2017-11-28 19:15:03,26,53.8
2017-11-28 19:09:52,26,55.5
2017-11-28 19:04:57,26.1,53.1
2017-11-28 18:59:55,26,52.8
2017-11-28 18:55:01,25.9,52.5
2017-11-28 18:50:04,25.7,52.2
2017-11-28 18:44:57,25.4,52.7
2017-11-28 18:40:00,25.1,53.1
2017-11-28 18:35:00,25,53.3
2017-11-28 18:29:59,25.4,51.9
2017-11-28 18:25:15,25.3,52.6
2017-11-28 18:20:42,25,52.9
2017-11-28 18:16:44,24.9,53.8
2017-11-28 18:04:52,24.6,50.6
2017-11-28 18:04:06,24.6,50.3
2017-11-28 17:50:32,24.7,48.8
2017-11-28 17:39:58,24.5,49
2017-11-28 17:35:19,24.7,48
2017-11-28 17:33:26,24.7,48.3
2017-11-28 17:32:39,24.8,48.5
2017-11-28 17:23:13,24.7,48.8
2017-11-28 17:18:44,24.9,48.3
2017-11-28 17:11:28,24.7,49.3
2017-11-28 17:00:48,24.8,49
2017-11-28 16:59:01,24.8,49.5
2017-11-28 16:48:47,24.8,48.3
2017-11-28 16:40:17,24.7,49.9
2017-11-28 16:39:27,24.7,49.9
2017-11-28 16:25:06,24.9,48.8
2017-11-28 16:23:30,25,48.1
2017-11-28 16:18:21,25,49
2017-11-28 16:10:54,24.9,48.3
2017-11-28 16:09:21,24.8,48.7
2017-11-28 16:00:40,24.9,49.2
2017-11-28 15:58:16,24.9,49
2017-11-28 15:52:37,25.1,49.1
2017-11-28 15:44:01,25.1,47.8
2017-11-28 15:32:12,24.7,48.9
2017-11-28 15:20:23,25.2,47.7
2017-11-28 15:16:51,25.3,47.8
2017-11-28 15:09:07,24.9,49.3
2017-11-28 14:50:15,25.2,47.4
2017-11-28 14:40:12,25.2,48.5
2017-11-28 14:39:36,25.1,48.8
2017-11-28 14:39:00,25.1,49.2
2017-11-28 14:28:25,24.8,49.5
2017-11-28 14:21:59,25,49.7
2017-11-28 14:12:47,25.3,47.8
2017-11-28 14:00:56,24.9,49.3
2017-11-28 13:58:04,24.9,48.6
2017-11-28 13:43:42,25.1,47.5
2017-11-28 13:35:56,25.4,47.5
2017-11-28 13:34:04,25.3,47.8
2017-11-28 13:29:07,25.1,48.6
2017-11-28 13:15:34,25,48
2017-11-28 13:00:14,25,48.3
2017-11-28 12:56:10,25,48.3
2017-11-28 12:51:11,25,48.6
2017-11-28 12:27:26,25.1,48.4
2017-11-28 12:25:55,25.2,48.7
2017-11-28 12:19:15,25.5,47.4
2017-11-28 12:10:44,25.1,49
2017-11-28 12:09:39,25.2,49
2017-11-28 12:03:37,25.2,48.8
2017-11-28 12:01:27,25.2,48.9
2017-11-28 11:55:51,25,50.3
2017-11-28 11:51:09,24.8,49
2017-11-28 11:45:52,24.8,49
2017-11-28 11:38:41,25.3,48.4
2017-11-28 11:32:08,25.3,48.7
2017-11-28 11:29:00,25,50.2
2017-11-28 11:25:06,25,50.2
2017-11-28 11:17:23,24.7,49.2
2017-11-28 11:05:45,25.1,48
2017-11-28 11:03:44,25.2,48
2017-11-28 10:58:56,24.9,49.4
2017-11-28 10:54:40,24.7,50
2017-11-28 10:49:18,25,47.4
2017-11-28 10:40:52,25.3,46.8
2017-11-28 10:39:24,25.2,47.3
2017-11-28 10:32:40,24.8,48.4
2017-11-28 10:30:42,24.8,48.3
2017-11-28 10:23:13,24.9,48.4
2017-11-28 10:15:13,25.5,46.7
2017-11-28 10:05:58,24.5,49.6
2017-11-28 09:56:00,24.5,49.6
2017-11-28 09:53:50,24.5,49.5
2017-11-28 09:46:11,24.8,48.4
2017-11-28 09:44:45,25.1,47.5
2017-11-28 09:39:28,25.1,48.2
2017-11-28 09:34:12,24.7,48.7
2017-11-28 09:28:20,24.8,49.2
2017-11-28 09:27:51,24.8,49.2
2017-11-28 09:21:37,25,49.1
2017-11-28 09:16:57,25.3,48.7
2017-11-28 09:14:17,25.6,47.5
2017-11-28 09:11:15,25.6,48
2017-11-28 09:09:30,25.7,47.9
2017-11-28 09:01:16,25.2,50.5
2017-11-28 08:59:34,25.2,50.7
2017-11-28 08:49:14,25.3,51.6
2017-11-28 08:32:46,25.1,55.8
2017-11-28 08:22:02,25.3,54.3
2017-11-28 08:21:34,25.3,53.9
2017-11-28 08:17:59,25.3,54
2017-11-28 08:06:12,24.8,53.2
2017-11-28 08:02:39,24.7,53.8
2017-11-28 08:02:02,24.7,53.7
2017-11-28 08:01:17,24.7,53.9
2017-11-28 07:56:42,24.7,54.1
2017-11-28 07:56:09,24.7,54.1
2017-11-28 07:51:15,24.9,54.7
2017-11-28 07:46:31,25,53.5
2017-11-28 07:41:14,25.5,53.3
2017-11-28 07:36:17,25.2,54.5
2017-11-28 07:31:27,25,53.9
2017-11-28 07:26:17,25.2,54.2
2017-11-28 07:21:18,25,53.6
2017-11-28 07:16:12,25.1,51.7
2017-11-28 07:11:12,25.1,50.3
2017-11-28 07:06:21,25.1,48.4
2017-11-28 07:01:14,24.9,50.7
2017-11-28 06:56:14,24.7,51.4
2017-11-28 06:51:23,25,50.6
2017-11-28 06:46:21,25,51.3
2017-11-28 06:41:17,25.3,51.1
2017-11-28 06:36:19,25.5,51.2
2017-11-28 06:31:21,25.2,52.5
2017-11-28 06:26:27,25.1,53.1
2017-11-28 06:21:18,25.2,53.4
2017-11-28 06:16:20,25.3,53.6
2017-11-28 06:11:22,25.5,53
2017-11-28 06:06:26,25.7,52.9
2017-11-28 06:01:32,25.6,53.7
2017-11-28 05:56:25,25.3,55
2017-11-28 05:51:33,25.6,54.9
2017-11-28 05:46:28,25.7,54.6
2017-11-28 05:41:25,26,53.3
2017-11-28 05:36:33,26.9,53.2
2017-11-28 05:31:27,27.2,57.2
2017-11-28 05:26:29,27.2,57.4
2017-11-28 05:21:31,27.1,57.5
2017-11-28 05:16:33,27.1,57.6
2017-11-28 05:11:32,27.2,57.3
2017-11-28 05:06:32,27.2,57.1
2017-11-28 05:01:33,27.1,57.6
2017-11-28 04:56:31,27,58.2
2017-11-28 04:51:32,27,57.9
2017-11-28 04:46:33,27.1,57.6
2017-11-28 04:41:38,27.2,57.3
2017-11-28 04:36:39,27.2,57.1
2017-11-28 04:31:33,27.2,57.5
2017-11-28 04:26:44,27,57.9
2017-11-28 04:21:39,27.1,57.8
2017-11-28 04:16:38,27.1,57.5
2017-11-28 04:11:44,27.2,57.2
2017-11-28 04:06:34,27.3,56.9
2017-11-28 04:01:44,27.3,56.9
2017-11-28 03:57:40,27.2,57.2
2017-11-28 03:52:10,27.2,57.2
2017-11-28 03:46:43,27.2,57.3
2017-11-28 03:41:42,27.2,57.4
2017-11-28 03:36:46,27.3,57
2017-11-28 03:31:59,27.2,57.1
2017-11-28 03:26:41,27.2,57.5
2017-11-28 03:21:47,27.2,57.5
2017-11-28 03:17:15,27.2,57.4
2017-11-28 03:16:44,27.2,57.4
2017-11-28 03:11:47,27.2,57.2
2017-11-28 03:06:47,27.2,57
2017-11-28 03:01:46,27.2,57.1
2017-11-28 02:56:53,27.2,57.3
2017-11-28 02:51:54,27.2,57
2017-11-28 02:46:48,27.3,56.8
2017-11-28 02:41:50,27.3,56.5
2017-11-28 02:36:48,27.4,56
2017-11-28 02:31:52,27.5,55.9
2017-11-28 02:26:53,27.4,56.5
2017-11-28 02:21:56,27.4,56.5
2017-11-28 02:16:50,27.3,56.6
2017-11-28 02:11:53,27.3,56.4
2017-11-28 02:06:59,27.4,56.1
2017-11-28 02:02:00,27.4,56.2
2017-11-28 01:57:09,27.3,56.6
2017-11-28 01:52:00,27.4,56.5
2017-11-28 01:46:58,27.4,56.4
2017-11-28 01:42:39,27.4,56.4
2017-11-28 01:36:54,27.4,56.2
2017-11-28 01:32:02,27.3,56.2
2017-11-28 01:27:27,27.3,56.4
2017-11-28 01:26:56,27.3,56.3
2017-11-28 01:22:00,27.3,56.3
2017-11-28 01:17:13,27.4,56.1
2017-11-28 01:12:03,27.4,55.8
2017-11-28 01:06:57,27.5,55.5
2017-11-28 01:02:49,27.5,55.4
2017-11-28 01:01:57,27.5,55.3
2017-11-28 00:57:03,27.4,55.9
2017-11-28 00:52:02,27.4,55.9
2017-11-28 00:47:05,27.5,55.7
2017-11-28 00:42:56,27.5,55.6
2017-11-28 00:42:26,27.5,55.6
2017-11-28 00:39:06,27.6,55.2
2017-11-28 00:22:03,27.5,55.7
2017-11-28 00:20:08,27.5,55.7
2017-11-28 00:12:13,27.5,55.6
2017-11-28 00:10:10,27.5,55.5
2017-11-28 00:02:09,27.5,55.6
2017-11-28 00:00:38,27.5,55.6
2017-11-27 23:53:30,27.6,55.5
2017-11-27 23:53:00,27.6,55.4
2017-11-27 23:51:30,27.7,55.3
2017-11-27 23:50:07,27.6,55.3
2017-11-27 23:42:32,27.6,55.3
2017-11-27 23:40:14,27.7,55.2
2017-11-27 23:32:32,27.5,55.5
2017-11-27 23:31:55,27.5,55.5
2017-11-27 23:27:23,27.5,55.6
2017-11-27 23:24:16,27.5,55.6
2017-11-27 23:22:18,27.5,55.5
2017-11-27 23:15:40,27.6,55.2
2017-11-27 23:07:20,27.7,54.8
2017-11-27 23:02:15,27.7,55
2017-11-27 22:57:19,27.5,55.2
2017-11-27 22:52:19,27.6,55.2
2017-11-27 22:47:21,27.5,55.1
2017-11-27 22:42:14,27.7,54.9
2017-11-27 22:37:23,27.8,54.6
2017-11-27 22:32:17,27.8,54.8
2017-11-27 22:27:20,27.6,55.4
2017-11-27 22:22:27,27.6,55.5
2017-11-27 22:12:22,27.7,55.3
2017-11-27 22:10:57,27.7,55.2
2017-11-27 22:10:27,27.7,55
2017-11-27 22:02:29,27.7,55
2017-11-27 21:58:30,27.7,54.9
2017-11-27 21:57:54,27.6,55
2017-11-27 21:57:22,27.7,55
2017-11-27 21:52:54,27.7,54.9
2017-11-27 21:52:24,27.7,55
2017-11-27 21:47:37,27.8,54.5
2017-11-27 21:45:33,27.8,54.4
2017-11-27 21:37:32,27.8,54
2017-11-27 21:33:03,27.8,53.8
2017-11-27 21:32:33,27.8,53.8
2017-11-27 21:30:38,27.8,53.8
2017-11-27 21:22:32,28,53.4
2017-11-27 21:19:21,28,53.3
2017-11-27 21:12:14,27.9,53.3
2017-11-27 21:02:29,27.7,53.5
2017-11-27 21:00:34,27.6,53.6
2017-11-27 20:52:34,27.6,53.4
2017-11-27 20:47:33,27.6,52.8
2017-11-27 20:42:37,27.7,52.4
2017-11-27 20:40:50,27.7,52.3
2017-11-27 20:32:52,27.7,51.6
2017-11-27 20:30:46,27.8,51.6
2017-11-27 20:22:49,27.7,51.4
2017-11-27 20:21:50,27.7,51.5
2017-11-27 20:21:12,27.8,51.3
2017-11-27 20:12:44,27.8,50.4
2017-11-27 20:07:46,27.7,50.1
2017-11-27 20:02:50,27.8,49.4
2017-11-27 19:58:17,27.8,49.1
2017-11-27 19:57:42,27.9,49
2017-11-27 19:55:41,27.9,49
2017-11-27 19:47:51,27.6,49.8
2017-11-27 19:45:45,27.5,50
2017-11-27 19:37:42,27.3,50.3
2017-11-27 19:32:53,27.2,50.3
2017-11-27 19:30:59,27.2,50.1
2017-11-27 19:27:13,27.2,49.9
2017-11-27 19:04:33,27.1,48.8
2017-11-27 19:03:09,27.1,48.8
2017-11-27 18:51:15,27,48.2
2017-11-27 18:37:57,25.8,48.7
2017-11-27 18:36:43,25.7,49.2
2017-11-27 18:29:13,25.7,47.5
2017-11-27 18:20:15,25.1,48.7
2017-11-27 18:19:03,25.1,49
2017-11-27 18:06:04,26.1,48.4
2017-11-27 18:00:55,26.4,48.1
2017-11-27 17:59:32,26.3,48
2017-11-27 17:51:02,26.1,47.5
2017-11-27 17:44:05,25.8,46.1
2017-11-27 17:38:17,25.8,45.1
2017-11-27 17:33:30,26.1,44.8
2017-11-27 17:26:11,26.1,45.7
2017-11-27 17:18:10,25.9,46.6
2017-11-27 17:17:06,25.9,46.4
2017-11-27 17:05:15,26.4,47
2017-11-27 16:53:11,26.1,47.1
2017-11-27 16:51:29,25.8,47.1
2017-11-27 16:44:21,25.4,46.5
2017-11-27 16:43:34,25.3,46.1
2017-11-27 16:40:48,25.3,45.9
2017-11-27 16:32:15,25.9,44.3
2017-11-27 16:31:32,26,44.5
2017-11-27 16:24:34,26.1,44.5
2017-11-27 16:23:59,26.1,44.3
2017-11-27 16:19:45,25.7,45.4
2017-11-27 16:19:00,25.6,45.8
2017-11-27 16:16:36,25.6,45.7
2017-11-27 16:12:19,25.6,45.4
2017-11-27 16:04:58,26,45.2
2017-11-27 15:54:51,26.5,43.7
2017-11-27 15:54:12,26.6,43.5
2017-11-27 15:38:56,25.8,45.8
2017-11-27 15:38:14,25.8,46
2017-11-27 15:36:23,25.8,45.7
2017-11-27 15:35:01,25.8,45.6
2017-11-27 15:33:43,25.9,45.7
2017-11-27 15:28:26,26.1,45.4
2017-11-27 15:23:56,26.5,44.5
2017-11-27 15:18:52,26.4,44.8
2017-11-27 15:13:25,26.2,45.3
2017-11-27 15:08:22,25.9,46
2017-11-27 15:03:17,25.8,45.9
2017-11-27 14:58:36,25.9,45.8
2017-11-27 14:54:18,26.2,45
2017-11-27 14:53:32,26.3,44.7
2017-11-27 14:50:35,26.5,43.9
2017-11-27 14:33:35,26.1,45.2
2017-11-27 14:29:09,25.9,45.1
2017-11-27 14:28:39,26,45.6
2017-11-27 14:23:49,26.1,45.2
2017-11-27 14:18:36,26.1,44.9
2017-11-27 14:14:33,26.1,44.8
2017-11-27 14:13:57,26.2,44.8
2017-11-27 14:13:21,26.2,44.8
2017-11-27 14:08:30,26.2,45.1
2017-11-27 14:03:43,25.6,46.1
2017-11-27 13:58:54,25.8,45.7
2017-11-27 13:54:11,25.8,45.3
2017-11-27 13:48:26,26.4,43.3
2017-11-27 13:43:30,26.5,42.7
2017-11-27 13:38:36,26.7,43.9
2017-11-27 13:34:01,26.3,45.4
2017-11-27 13:33:29,26.1,45.7
2017-11-27 13:28:45,26.1,45.5
2017-11-27 13:23:44,26.1,45.4
2017-11-27 13:18:59,26.3,44.5
2017-11-27 13:14:37,26.3,44
2017-11-27 13:13:47,26.5,43.5
2017-11-27 13:09:11,26.4,43.2
2017-11-27 13:04:46,26.5,43.4
2017-11-27 12:59:04,26.1,45.2
2017-11-27 12:54:30,25.8,45.2
2017-11-27 12:53:46,25.8,45
2017-11-27 12:48:32,25.9,44.7
2017-11-27 12:43:40,25.9,45
2017-11-27 12:41:35,25.9,44.5
2017-11-27 12:40:33,26,44.7
2017-11-27 12:31:35,26.3,44.8
2017-11-27 12:24:10,25.9,44.6
2017-11-27 12:23:38,26,44.8
2017-11-27 12:20:52,26,44.1
2017-11-27 12:14:10,26,45.7
2017-11-27 12:12:39,26,45.4
2017-11-27 12:01:32,25.7,45.4
2017-11-27 11:48:30,26.5,43.8
2017-11-27 11:28:50,25.7,46
2017-11-27 11:18:45,26.3,44.1
2017-11-27 11:13:54,26.2,44.5
2017-11-27 11:08:51,26.2,43.8
2017-11-27 11:03:58,26.2,44.4
2017-11-27 10:59:02,26.2,44.8
2017-11-27 10:54:09,26.5,43.7
2017-11-27 10:48:47,26.2,44.2
2017-11-27 10:44:10,26.5,43.7
2017-11-27 10:39:04,26.5,42
2017-11-27 10:33:56,26.7,43.4
2017-11-27 10:28:57,26.4,44.2
2017-11-27 10:23:53,26.5,43.6
2017-11-27 10:19:32,26.4,44.1
2017-11-27 10:14:39,26.2,43.8
2017-11-27 10:14:03,26.2,44.3
2017-11-27 10:09:51,26,44.9
2017-11-27 10:08:58,25.8,44.9
2017-11-27 10:04:03,25.9,44.8
2017-11-27 09:59:46,26.2,44.8
2017-11-27 09:58:52,26.2,45
2017-11-27 09:54:00,25.9,45.4
2017-11-27 09:49:32,25.7,45.7
2017-11-27 09:48:57,25.7,45.8
2017-11-27 09:43:58,25.8,45.4
2017-11-27 09:39:09,25.8,45.2
2017-11-27 09:34:28,25.8,45
2017-11-27 09:28:54,26.3,43.9
2017-11-27 09:24:24,26.3,43.8
2017-11-27 09:19:06,25.7,45.2
2017-11-27 09:14:02,25.5,46
2017-11-27 09:09:03,25.6,45.8
2017-11-27 09:04:06,25.8,45.1
2017-11-27 08:59:11,25.9,44.9
2017-11-27 08:54:01,25.8,44.8
2017-11-27 08:49:02,25.8,44.8
2017-11-27 08:44:07,25.6,45.5
2017-11-27 08:39:14,25.4,45.7
2017-11-27 08:34:04,25.3,46
2017-11-27 08:29:15,25.4,46.1
2017-11-27 08:24:12,25.5,45.2
2017-11-27 08:19:17,25.9,44.5
2017-11-27 08:14:13,25.7,45.1
2017-11-27 08:09:10,25.5,46.3
2017-11-27 08:04:07,25.7,46.2
2017-11-27 07:59:10,25.5,47
2017-11-27 07:55:01,25.6,47.7
2017-11-27 07:54:27,25.6,47.5
2017-11-27 07:49:13,25.3,46.3
2017-11-27 07:44:21,25,46.1
2017-11-27 07:39:31,25.1,45.3
2017-11-27 07:34:30,25.3,44.8
2017-11-27 07:29:10,25.7,43.4
2017-11-27 07:24:10,25.7,43.6
2017-11-27 07:19:14,25.2,45.1
2017-11-27 07:14:19,25.1,45.1
2017-11-27 07:09:20,25.1,45
2017-11-27 07:04:14,25.1,44.7
2017-11-27 06:59:20,25.2,44.3
2017-11-27 06:54:15,25.7,43.2
2017-11-27 06:49:17,25.9,44.8
2017-11-27 06:44:41,25.7,47.3
2017-11-27 06:39:19,26,48.8
2017-11-27 06:34:18,25.8,48.4
2017-11-27 06:29:33,26.1,48.2
2017-11-27 06:24:18,26.2,50.6
2017-11-27 06:19:18,26.4,50.3
2017-11-27 06:14:22,26.3,50.7
2017-11-27 06:09:26,26,52
2017-11-27 06:04:57,25.9,51.8
2017-11-27 06:04:22,25.9,51.9
2017-11-27 05:59:20,26.1,51.9
2017-11-27 05:54:25,26.2,50.3
2017-11-27 05:49:39,26.7,48.7
2017-11-27 05:44:30,27.1,49.9
2017-11-27 05:39:36,27.6,51.3
2017-11-27 05:34:31,28.1,55.3
2017-11-27 05:29:33,28,57.1
2017-11-27 05:24:33,28,56.9
2017-11-27 05:19:27,28.1,56.9
2017-11-27 05:14:31,28.2,56.6
2017-11-27 05:09:31,28.2,56.8
2017-11-27 05:04:30,28.2,56.9
2017-11-27 04:59:35,28.1,57.2
2017-11-27 04:54:39,28.2,56.9
2017-11-27 04:49:37,28.2,56.7
2017-11-27 04:44:32,28.3,56.6
2017-11-27 04:39:36,28.4,56
2017-11-27 04:34:35,28.5,55.8
2017-11-27 04:29:58,28.5,55.8
2017-11-27 04:24:33,28.5,55.9
2017-11-27 04:19:43,28.6,55.7
2017-11-27 04:14:38,28.5,56.1
2017-11-27 04:09:43,28.5,56
2017-11-27 04:04:36,28.7,55.4
2017-11-27 03:59:36,28.6,55.6
2017-11-27 03:54:59,28.7,55.5
2017-11-27 03:49:58,28.4,56.2
2017-11-27 03:44:32,28.5,56.1
2017-11-27 03:34:58,28.6,55.7
2017-11-27 03:24:39,28.9,55
2017-11-27 03:19:48,28.8,55.2
2017-11-27 03:14:48,28.7,55.3
2017-11-27 03:09:56,28.9,54.6
2017-11-27 03:08:39,29,55.1
2017-11-27 02:59:49,29.3,54.1
2017-11-27 02:58:06,29.2,54.3
2017-11-27 02:49:51,29,55.2
2017-11-27 02:44:51,28.9,55.1
2017-11-27 02:43:03,28.8,55.1
2017-11-27 02:34:47,28.9,55.1
2017-11-27 02:29:52,28.9,55
2017-11-27 02:24:56,29,55.3
2017-11-27 02:23:12,29,55.2
2017-11-27 02:15:35,29,55.2
2017-11-27 02:13:34,29,55.2
2017-11-27 02:04:52,28.9,54.9
2017-11-27 02:03:16,28.9,54.8
2017-11-27 01:49:51,29.2,54.5
2017-11-27 01:48:15,29.3,54.4
2017-11-27 01:39:59,29.4,54.1
2017-11-27 01:35:10,29.4,54
2017-11-27 01:30:20,29.4,54.1
2017-11-27 01:24:57,29.4,54.3
2017-11-27 01:20:04,29.3,54.3
2017-11-27 01:15:05,29.4,54.2
2017-11-27 01:10:04,29.4,54.2
2017-11-27 01:05:01,29.4,54.2
2017-11-27 01:00:03,29.4,54.3
2017-11-27 00:54:59,29.4,54.3
2017-11-27 00:50:03,29.4,54.2
2017-11-27 00:45:08,29.4,54.2
2017-11-27 00:40:13,29.4,54.2
2017-11-27 00:35:05,29.5,54.1
2017-11-27 00:30:09,29.7,53.6
2017-11-27 00:25:12,29.9,52.7
2017-11-27 00:20:08,30.1,53.2
2017-11-27 00:15:35,29.9,53
2017-11-27 00:15:05,29.9,53.1
2017-11-27 00:10:15,29.9,53.4
2017-11-27 00:05:15,29.7,53.8
2017-11-27 00:00:23,29.7,53.9
2017-11-26 23:55:13,29.7,53.9
2017-11-26 23:50:07,29.7,53.9
2017-11-26 23:45:11,29.7,53.7
2017-11-26 23:40:07,29.8,53.6
2017-11-26 23:35:08,29.9,53.5
2017-11-26 23:30:14,29.9,53.5
2017-11-26 23:25:18,29.9,53.5
2017-11-26 23:20:16,29.9,53.6
2017-11-26 23:15:10,29.9,53.5
2017-11-26 23:10:15,29.9,53.4
2017-11-26 23:05:28,30,53.8
2017-11-26 23:00:18,30.1,53.5
2017-11-26 22:55:13,30.1,53.4
2017-11-26 22:50:19,30.1,53.3
2017-11-26 22:45:18,30.2,53.2
2017-11-26 22:40:23,30.1,53.6
2017-11-26 22:35:19,30.1,53.5
2017-11-26 22:30:21,30.1,53.2
2017-11-26 22:25:26,30.2,53
2017-11-26 22:20:30,30.3,53
2017-11-26 22:15:23,30.2,53
2017-11-26 22:10:24,30.2,53.1
2017-11-26 22:05:19,30.3,52.9
2017-11-26 22:00:25,30.3,52.6
2017-11-26 21:55:20,30.4,52.4
2017-11-26 21:50:30,30.5,52.2
2017-11-26 21:45:24,30.6,52
2017-11-26 21:40:38,30.5,52.2
2017-11-26 21:35:28,30.6,52.1
2017-11-26 21:30:26,30.5,52.5
2017-11-26 21:25:49,30.4,52.8
2017-11-26 21:22:20,30.4,52.6
2017-11-26 21:05:34,30.6,52.3
2017-11-26 21:00:36,30.7,52.2
2017-11-26 20:56:01,30.7,52.1
2017-11-26 20:55:31,30.7,52
2017-11-26 20:50:35,30.7,51.8
2017-11-26 20:45:36,30.9,51.4
2017-11-26 20:40:56,31.1,51.5
2017-11-26 20:35:39,31,51.7
2017-11-26 20:30:34,31.1,51.6
2017-11-26 20:25:41,31.2,51.3
2017-11-26 20:20:34,31.2,51.2
2017-11-26 20:15:43,31.3,51.1
2017-11-26 20:10:43,31.2,51.5
2017-11-26 20:05:38,31.1,51.7
2017-11-26 20:00:37,31.1,51.7
2017-11-26 19:55:49,31.1,51.7
2017-11-26 19:50:39,31.1,51.7
2017-11-26 19:45:45,31.2,51.6
2017-11-26 19:40:43,31.3,51.5
2017-11-26 19:35:54,31.3,51.4
2017-11-26 19:30:43,31.3,51.4
2017-11-26 19:25:45,31.3,51.3
2017-11-26 19:20:47,31.4,51.2
2017-11-26 19:15:43,31.4,51
2017-11-26 19:10:49,31.6,50.4
2017-11-26 19:05:51,31.7,50.3
2017-11-26 19:00:53,31.7,50.3
2017-11-26 18:55:51,31.7,50.4
2017-11-26 18:50:49,31.6,50.6
2017-11-26 18:45:51,31.7,50.4
2017-11-26 18:40:45,31.7,50.7
2017-11-26 18:35:59,31.7,50.5
2017-11-26 18:30:56,31.7,50.3
2017-11-26 18:25:54,31.8,50.1
2017-11-26 18:21:54,31.9,50.1
2017-11-26 18:21:19,31.9,50.1
2017-11-26 18:15:59,31.9,49.9
2017-11-26 18:10:52,31.9,49.9
2017-11-26 18:06:22,31.9,50
2017-11-26 18:05:51,31.9,49.9
2017-11-26 18:00:57,32,49.9
2017-11-26 17:56:22,32.1,49.6
2017-11-26 17:55:51,32.2,49.6
2017-11-26 17:50:52,32.2,49.6
2017-11-26 17:46:03,32.1,49.6
2017-11-26 17:40:58,32.1,49.8
2017-11-26 17:35:55,32,50
2017-11-26 17:30:52,32,50.1
2017-11-26 17:25:58,32,50.1
2017-11-26 17:20:57,32,49.9
2017-11-26 17:15:59,32.1,49.8
2017-11-26 17:11:03,32.1,49.7
2017-11-26 17:06:10,32.1,49.7
2017-11-26 17:01:01,32,49.9
2017-11-26 16:55:59,32.1,49.9
2017-11-26 16:52:03,32,49.8
2017-11-26 16:51:31,32,49.8
2017-11-26 16:51:01,32.1,49.8
2017-11-26 16:46:06,32.1,49.5
2017-11-26 16:41:06,32.2,49.2
2017-11-26 16:36:04,32.3,49
2017-11-26 16:31:06,32.2,49.3
2017-11-26 16:26:06,32,50.1
2017-11-26 16:21:05,32,50.1
2017-11-26 16:16:03,32,50.1
2017-11-26 16:11:03,31.9,49.5
2017-11-26 16:06:03,32,50.1
2017-11-26 16:01:14,31.9,49.5
2017-11-26 15:56:05,32,49.8
2017-11-26 15:51:14,31.9,49.7
2017-11-26 15:46:11,31.8,49.7
2017-11-26 15:41:16,31.9,49.7
2017-11-26 15:36:18,31.9,49.6
2017-11-26 15:31:13,32,49.9
2017-11-26 15:26:13,32,49.7
2017-11-26 15:21:09,32.1,49.4
2017-11-26 15:16:45,31.9,49.5
2017-11-26 15:16:14,32,50
2017-11-26 15:11:15,31.8,49.8
2017-11-26 15:06:19,31.8,50
2017-11-26 15:01:12,31.7,50
2017-11-26 14:56:17,31.7,49.9
2017-11-26 14:51:20,31.7,50
2017-11-26 14:47:22,31.7,49.9
2017-11-26 14:46:52,31.7,49.9
2017-11-26 14:46:22,31.7,49.8
2017-11-26 14:41:24,31.7,50
2017-11-26 14:36:23,31.6,50.1
2017-11-26 14:31:36,31.7,50.1
2017-11-26 14:26:21,31.6,50.1
2017-11-26 14:21:28,31.6,50.2
2017-11-26 14:16:23,31.6,50.1
2017-11-26 14:11:21,31.6,50.1
2017-11-26 14:06:20,31.6,50.2
2017-11-26 14:01:23,31.5,50.1
2017-11-26 13:56:19,31.5,50.1
2017-11-26 13:51:22,31.5,50.1
2017-11-26 13:46:34,31.4,50.2
2017-11-26 13:41:32,31.3,50.6
2017-11-26 13:36:28,31.3,50.8
2017-11-26 13:31:32,31.2,51.1
2017-11-26 13:26:26,31.2,51.1
2017-11-26 13:22:07,31.2,51.1
2017-11-26 13:21:32,31.2,51.1
2017-11-26 13:16:33,31.2,51.1
2017-11-26 13:11:26,31.1,51
2017-11-26 13:06:28,31.1,51.2
2017-11-26 13:01:35,31.1,51.2
2017-11-26 12:56:35,31,51.4
2017-11-26 12:51:47,31.1,51.1
2017-11-26 12:47:05,31.1,51
2017-11-26 12:46:35,31.1,51
2017-11-26 12:41:34,31.2,50.7
2017-11-26 12:36:33,31.2,50.8
2017-11-26 12:31:34,31,51.3
2017-11-26 12:27:06,30.9,50.9
2017-11-26 12:26:36,30.9,50.9
2017-11-26 12:21:35,30.9,50.9
2017-11-26 12:16:37,30.9,50.7
2017-11-26 12:11:45,30.9,50.6
2017-11-26 12:06:42,30.9,50.7
2017-11-26 12:01:43,30.8,50.9
2017-11-26 11:56:35,30.7,51.4
2017-11-26 11:51:36,30.7,51.4
2017-11-26 11:46:37,30.7,51.4
2017-11-26 11:41:38,30.7,51.2
2017-11-26 11:36:41,30.7,51.3
2017-11-26 11:31:42,30.7,51.2
2017-11-26 11:27:10,30.6,51.5
2017-11-26 11:26:40,30.6,51.5
2017-11-26 11:21:43,30.6,51.4
2017-11-26 11:16:40,30.6,51.4
2017-11-26 11:11:40,30.5,51.6
2017-11-26 11:06:41,30.4,51.9
2017-11-26 11:02:00,30.4,52.1
2017-11-26 10:57:01,30.3,52.2
2017-11-26 10:51:50,30.1,52.8
2017-11-26 10:46:51,29.9,52.9
2017-11-26 10:41:48,29.9,52.8
2017-11-26 10:36:50,29.9,52.8
2017-11-26 10:32:02,30,53.1
2017-11-26 10:26:49,30,52.9
2017-11-26 10:22:31,30.1,52.9
2017-11-26 10:16:51,29.9,52.9
2017-11-26 10:11:52,29.9,52.8
2017-11-26 10:06:48,30,53
2017-11-26 10:01:56,30.1,52.6
2017-11-26 09:56:57,30,52.8
2017-11-26 09:52:02,29.9,52.5
2017-11-26 09:46:56,29.9,52.7
2017-11-26 09:41:57,29.5,53.7
2017-11-26 09:36:58,29.5,53.7
2017-11-26 09:31:55,29.5,53.7
2017-11-26 09:27:00,29.5,53.7
2017-11-26 09:22:00,29.5,53.6
2017-11-26 09:16:57,29.5,53.7
2017-11-26 09:11:57,29.4,54.2
2017-11-26 09:06:57,29.1,54.7
2017-11-26 09:01:58,29.1,54.8
2017-11-26 08:57:03,29.1,54.8
2017-11-26 08:52:03,29.1,54.8
2017-11-26 08:46:58,29.2,54.5
2017-11-26 08:42:00,29.2,54.5
2017-11-26 08:37:01,29.1,55
2017-11-26 08:32:23,29,55
2017-11-26 08:27:08,28.8,55
2017-11-26 08:22:06,28.8,55.2
2017-11-26 08:17:09,28.7,55.2
2017-11-26 08:12:07,28.9,54.7
2017-11-26 08:07:07,28.9,54.6
2017-11-26 08:02:10,28.6,55.4
2017-11-26 07:57:12,28.6,55.5
2017-11-26 07:52:07,28.5,55.4
2017-11-26 07:47:20,28.6,55.5
2017-11-26 07:42:09,28.6,55.3
2017-11-26 07:37:08,28.5,55.5
2017-11-26 07:32:13,28.3,55.9
2017-11-26 07:27:14,28.2,56.4
2017-11-26 07:22:09,28.3,56.3
2017-11-26 07:17:19,28.2,56
2017-11-26 07:12:15,28.1,56.1
2017-11-26 07:07:16,27.9,56.4
2017-11-26 07:02:16,27.7,57
2017-11-26 06:57:21,27.3,58.5
2017-11-26 06:52:12,27.2,58.8
2017-11-26 06:47:20,27.2,58.7
2017-11-26 06:42:20,27.3,58.6
2017-11-26 06:37:20,27.3,58.5
2017-11-26 06:32:21,27.3,58.5
2017-11-26 06:27:21,27.3,58.5
2017-11-26 06:22:25,27.1,59.2
2017-11-26 06:17:24,27.1,59.3
2017-11-26 06:12:24,27.1,59.2
2017-11-26 06:07:20,27.2,59
2017-11-26 06:02:25,27.3,58.5
2017-11-26 05:57:23,27.4,58.4
2017-11-26 05:52:24,27.3,58.7
2017-11-26 05:47:21,27.2,59.1
2017-11-26 05:42:26,27.2,58.9
2017-11-26 05:37:29,27.3,58.8
2017-11-26 05:32:27,27.2,59.2
2017-11-26 05:27:29,27.3,58.5
2017-11-26 05:22:30,27.3,58.7
2017-11-26 05:17:41,27.3,58.9
2017-11-26 05:12:33,27.2,59.4
2017-11-26 05:07:25,27.2,59.3
2017-11-26 05:02:28,27.2,59
2017-11-26 04:57:33,27.3,58.8
2017-11-26 04:53:53,27.4,58.5
2017-11-26 04:47:40,27.4,58.5
2017-11-26 04:42:33,27.3,59.1
2017-11-26 04:37:36,27.2,59.2
2017-11-26 04:32:30,27.3,59
2017-11-26 04:27:39,27.4,58.5
2017-11-26 04:22:33,27.6,57.9
2017-11-26 04:17:32,27.5,58.1
2017-11-26 04:12:40,27.5,58.3
2017-11-26 04:07:33,27.4,58.7
2017-11-26 04:02:34,27.4,58.8
2017-11-26 03:57:36,27.5,58.5
2017-11-26 03:53:06,27.5,58.4
2017-11-26 03:52:36,27.5,58.4
2017-11-26 03:47:39,27.6,58
2017-11-26 03:42:47,27.6,58
2017-11-26 03:37:42,27.6,58
2017-11-26 03:32:41,27.6,58.2
2017-11-26 03:27:49,27.6,58.2
2017-11-26 03:22:40,27.6,58.2
2017-11-26 03:17:41,27.7,58
2017-11-26 03:12:45,27.8,57.6
2017-11-26 03:07:40,27.8,57.4
2017-11-26 03:02:50,27.8,57.4
2017-11-26 02:57:50,27.9,57.1
2017-11-26 02:52:46,27.9,57.2
2017-11-26 02:47:45,27.9,57.2
2017-11-26 02:42:55,28,57.6
2017-11-26 02:38:20,28,57.4
2017-11-26 02:37:50,28,57.4
2017-11-26 02:32:45,28,57.5
2017-11-26 02:27:57,28,57.6
2017-11-26 02:23:28,27.9,57.3
2017-11-26 02:22:58,27.9,57.3
2017-11-26 02:17:46,27.9,57.2
2017-11-26 02:12:49,28,57.4
2017-11-26 02:07:56,28,57.1
2017-11-26 02:02:54,28.1,56.9
2017-11-26 01:57:56,28.1,57.2
2017-11-26 01:52:58,27.9,57.2
2017-11-26 01:48:19,27.9,57.1
2017-11-26 01:43:00,28.1,57.2
2017-11-26 01:38:01,28.3,56.6
2017-11-26 01:33:02,28.4,56.2
2017-11-26 01:28:02,28.3,56.5
2017-11-26 01:23:00,28.1,57.4
2017-11-26 01:17:54,27.9,57.1
2017-11-26 01:12:56,28,57.4
2017-11-26 01:07:55,28.1,57.2
2017-11-26 01:02:56,28.2,56.9
2017-11-26 00:58:05,28.3,56.5
2017-11-26 00:53:03,28.3,56.5
2017-11-26 00:48:01,28.1,57
2017-11-26 00:43:09,28.1,57.2
2017-11-26 00:38:05,28.1,57.1
2017-11-26 00:33:00,28.1,56.9
2017-11-26 00:28:08,28.2,56.7
2017-11-26 00:23:09,28.3,56.5
2017-11-26 00:18:04,28.4,56
2017-11-26 00:13:07,28.4,56.2
2017-11-26 00:08:08,28.3,56.3
2017-11-26 00:03:06,28.2,56.9
2017-11-25 23:58:15,28.2,56.9
2017-11-25 23:53:05,28.2,56.7
2017-11-25 23:48:05,28.3,56.3
2017-11-25 23:43:15,28.3,56.2
2017-11-25 23:38:15,28.4,56
2017-11-25 23:33:15,28.4,56.2
2017-11-25 23:28:14,28.3,56.2
2017-11-25 23:23:08,28.4,56.2
2017-11-25 23:18:39,28.4,55.9
2017-11-25 23:18:09,28.5,55.9
2017-11-25 23:13:18,28.5,55.7
2017-11-25 23:08:13,28.6,55.5
2017-11-25 23:03:16,28.5,55.5
2017-11-25 22:58:11,28.6,55.2
2017-11-25 22:53:27,28.7,55.2
2017-11-25 22:48:27,28.7,55.2
2017-11-25 22:43:17,28.6,55.3
2017-11-25 22:39:04,28.6,55.6
2017-11-25 22:38:21,28.5,55.6
2017-11-25 22:33:50,28.6,55.3
2017-11-25 22:33:20,28.6,55.3
2017-11-25 22:28:15,28.6,55.3
2017-11-25 22:23:31,28.6,55.3
2017-11-25 22:18:19,28.6,55.3
2017-11-25 22:13:22,28.7,55.1
2017-11-25 22:08:23,28.7,54.9
2017-11-25 22:03:46,28.8,54.6
2017-11-25 21:58:20,28.7,54.5
2017-11-25 21:53:20,28.9,54.5
2017-11-25 21:48:22,28.8,54.4
2017-11-25 21:43:24,28.9,54.2
2017-11-25 21:38:26,29,54.5
2017-11-25 21:33:29,29.1,54
2017-11-25 21:28:24,28.9,53.9
2017-11-25 21:23:23,28.8,54.2
2017-11-25 21:18:39,28.7,54.4
2017-11-25 21:13:27,28.8,54.5
2017-11-25 21:08:25,28.8,54.3
2017-11-25 21:03:25,28.9,54.2
2017-11-25 20:58:34,28.9,54
2017-11-25 20:53:34,29,54.1
2017-11-25 20:48:37,29,54
2017-11-25 20:43:59,29,53.9
2017-11-25 20:43:28,29,53.9
2017-11-25 20:38:33,29,53.9
2017-11-25 20:33:38,29.1,53.6
2017-11-25 20:28:38,29.2,53.5
2017-11-25 20:24:00,29.2,53.2
2017-11-25 20:18:36,29.3,52.8
2017-11-25 20:13:35,29.4,52.6
2017-11-25 20:08:35,29.3,52.7
2017-11-25 20:03:36,29.3,52.8
2017-11-25 19:58:35,29.2,53
2017-11-25 19:53:52,29.2,52.9
2017-11-25 19:48:36,29.3,52.6
2017-11-25 19:43:37,29.4,52.3
2017-11-25 19:38:43,29.4,52.5
2017-11-25 19:33:44,29.3,52.5
2017-11-25 19:28:42,29.4,52.2
2017-11-25 19:23:45,29.4,52
2017-11-25 19:18:47,29.5,51.6
2017-11-25 19:13:39,29.6,51.3
2017-11-25 19:08:47,29.6,51
2017-11-25 19:03:53,29.7,51
2017-11-25 18:58:42,29.6,51
2017-11-25 18:53:43,29.7,50.6
2017-11-25 18:48:51,29.8,50.4
2017-11-25 18:44:13,29.8,50.4
2017-11-25 18:43:43,29.8,50.3
2017-11-25 18:38:43,29.9,49.8
2017-11-25 18:33:52,29.8,50.2
2017-11-25 18:28:44,29.7,50.4
2017-11-25 18:23:45,29.7,50.6
2017-11-25 18:18:53,29.7,50.3
2017-11-25 18:13:48,29.7,50.2
2017-11-25 18:08:51,29.7,49.9
2017-11-25 18:03:54,29.8,49.6
2017-11-25 17:58:54,29.7,49.6
2017-11-25 17:53:50,29.7,49.7
2017-11-25 17:48:53,29.7,49.5
2017-11-25 17:43:52,29.8,49.1
2017-11-25 17:38:58,29.9,48.4
2017-11-25 17:34:01,30,48.8
2017-11-25 17:28:52,29.9,48.5
2017-11-25 17:24:04,29.8,48.7
2017-11-25 17:19:02,29.5,49.4
2017-11-25 17:14:05,29.5,49.1
2017-11-25 17:09:05,29.5,49.1
2017-11-25 17:03:58,29.5,48.9
2017-11-25 16:58:59,29.5,48.6
2017-11-25 16:54:01,29.5,48.8
2017-11-25 16:49:17,29.4,48.7
2017-11-25 16:44:06,29.3,49
2017-11-25 16:39:08,29.3,48.8
2017-11-25 16:34:03,29.3,48.6
2017-11-25 16:29:09,29.3,48.3
2017-11-25 16:24:02,29.3,48.1
2017-11-25 16:19:04,29.4,47.6
2017-11-25 16:14:55,29.3,47.8
2017-11-25 16:14:25,29.3,47.8
2017-11-25 16:09:10,29,48.3
2017-11-25 16:04:10,28.9,47.5
2017-11-25 15:59:13,28.9,47.5
2017-11-25 15:54:09,28.8,47.2
2017-11-25 15:49:06,28.6,47.2
2017-11-25 15:44:08,28.6,47.3
2017-11-25 15:39:14,28.4,47.4
2017-11-25 15:34:15,28.4,47.2
2017-11-25 15:29:15,28.3,47.2
2017-11-25 15:24:15,28.2,47
2017-11-25 15:19:10,28.2,46.7
2017-11-25 15:14:12,28.1,46.5
2017-11-25 15:09:14,27.9,45.9
2017-11-25 15:04:19,27.8,45.9
2017-11-25 14:59:18,27.8,45.5
2017-11-25 14:54:18,27.6,45.5
2017-11-25 14:49:16,27.3,46.1
2017-11-25 14:44:22,26.8,47
2017-11-25 14:39:21,26.3,48.2
2017-11-25 14:34:20,25.7,49.7
2017-11-25 14:29:15,25.5,50.2
2017-11-25 14:24:25,25.6,48.4
2017-11-25 14:19:24,25.7,47.7
2017-11-25 14:14:41,25.9,46.5
2017-11-25 14:09:25,25.9,46.1
2017-11-25 14:04:26,26.2,46
2017-11-25 13:59:25,25.9,46.5
2017-11-25 13:54:20,25.6,47.4
2017-11-25 13:49:21,25.6,47.4
2017-11-25 13:44:43,25.7,47.3
2017-11-25 13:39:35,25.8,47
2017-11-25 13:34:40,26.1,46.5
2017-11-25 13:29:28,26.2,46.3
2017-11-25 13:24:28,26.1,45.4
2017-11-25 13:20:22,25.9,45.9
2017-11-25 13:19:28,25.8,45.9
2017-11-25 13:14:27,25.6,47.4
2017-11-25 13:09:36,25.6,47.6
2017-11-25 13:04:33,25.7,47.4
2017-11-25 12:59:25,25.8,47.4
2017-11-25 12:54:33,26,47.9
2017-11-25 12:50:05,26.2,46.9
2017-11-25 12:49:34,26.2,47
2017-11-25 12:44:33,26,47.9
2017-11-25 12:39:34,25.6,48.6
2017-11-25 12:34:54,25.8,47.1
2017-11-25 12:29:30,26.2,46.7
2017-11-25 12:24:36,26.4,49.2
2017-11-25 12:19:37,26.2,48.2
2017-11-25 12:14:50,26.2,48.1
2017-11-25 12:09:45,26.1,48.2
2017-11-25 12:04:44,26.1,48.3
2017-11-25 11:59:34,26.1,48.5
2017-11-25 11:54:40,26,48.6
2017-11-25 11:54:11,26,48.6
2017-11-25 11:53:41,26,48.5
2017-11-25 11:35:21,26,48.2
2017-11-25 11:33:35,26,48.3
2017-11-25 11:24:56,26.1,48.3
2017-11-25 11:22:40,26.1,48.3
2017-11-25 11:14:47,26,48.6
2017-11-25 11:12:52,26,48.5
2017-11-25 11:09:01,26,48.4
2017-11-25 11:08:04,26,48.4
2017-11-25 10:59:48,25.9,48.2
2017-11-25 10:57:41,25.8,48.3
2017-11-25 10:49:43,25.8,48.5
2017-11-25 10:44:45,25.8,48.3
2017-11-25 10:39:43,25.8,48.2
2017-11-25 10:37:42,25.8,48.1
2017-11-25 10:29:44,25.8,48
2017-11-25 10:27:54,25.8,48
2017-11-25 10:20:35,25.8,48.3
2017-11-25 10:18:47,25.7,48.4
2017-11-25 10:16:40,25.7,48.4
2017-11-25 10:15:42,25.7,48.3
2017-11-25 10:10:16,25.7,48.4
2017-11-25 10:05:23,25.6,48.5
2017-11-25 10:04:52,25.6,48.5
2017-11-25 09:59:59,25.6,48.5
2017-11-25 09:55:01,25.6,48.5
2017-11-25 09:49:58,25.6,48.3
2017-11-25 09:44:52,25.7,48.3
2017-11-25 09:40:44,25.7,48.2
2017-11-25 09:30:01,25.6,48.3
2017-11-25 09:28:24,25.6,48.2
2017-11-25 09:27:54,25.6,48.2
2017-11-25 09:20:01,25.6,48.3
2017-11-25 09:17:57,25.5,48.3
2017-11-25 09:10:00,25.6,48.3
2017-11-25 09:05:02,25.5,48.6
2017-11-25 08:59:57,25.4,48.8
2017-11-25 08:54:59,25.4,48.7
2017-11-25 08:50:04,25.4,48.4
2017-11-25 08:44:57,25.4,48.4
2017-11-25 08:40:00,25.3,48.5
2017-11-25 08:34:59,25.3,48.5
2017-11-25 08:30:06,25.4,48.3
2017-11-25 08:25:00,25.4,48.1
2017-11-25 08:22:59,25.5,47.9
2017-11-25 08:16:02,25.4,48.2
2017-11-25 08:12:36,25.3,48.3
2017-11-25 08:00:08,25.2,48.7
2017-11-25 07:55:16,25.2,48.7
2017-11-25 07:51:23,25.2,48.7
2017-11-25 07:40:15,25.2,48.5
2017-11-25 07:39:08,25.2,48.6
2017-11-25 07:25:11,25.2,48.9
2017-11-25 07:22:34,25.3,48.8
2017-11-25 07:22:04,25.3,48.8
2017-11-25 07:10:17,25.4,48.1
2017-11-25 07:06:30,25.4,47.6
2017-11-25 07:01:31,25.4,47
2017-11-25 07:00:59,25.4,46.9
2017-11-25 07:00:22,25.4,46.9
2017-11-25 06:55:57,25.5,48.5
2017-11-25 06:50:20,25.8,50.8
2017-11-25 06:49:04,25.9,51.5
2017-11-25 06:48:35,25.9,51.8
2017-11-25 06:43:22,26.5,54.7
2017-11-25 06:40:16,26.8,56.4
2017-11-25 06:38:26,26.9,57.2
2017-11-25 06:32:16,27.1,58.6
2017-11-25 06:19:18,26.7,59
2017-11-25 06:11:48,26.8,58.9
2017-11-25 06:11:04,26.7,59
2017-11-25 06:09:47,26.7,59.1
2017-11-25 06:00:33,26.6,59.7
2017-11-25 05:55:36,26.4,60.2
2017-11-25 05:40:59,26.5,59.8
2017-11-25 05:39:30,26.6,59.7
2017-11-25 05:38:49,26.6,59.6
2017-11-25 05:30:24,26.7,59.3
2017-11-25 05:25:48,26.7,59.2
2017-11-25 05:22:18,26.8,59.2
2017-11-25 05:10:29,26.9,58.7
2017-11-25 05:08:37,26.8,59
2017-11-25 05:04:31,26.8,59.3
2017-11-25 05:04:01,26.8,59.3
2017-11-25 04:58:30,26.8,59
2017-11-25 04:57:13,26.8,59
2017-11-25 04:50:29,26.7,59.5
2017-11-25 04:45:33,26.7,59.6
2017-11-25 04:40:35,26.7,59.6
2017-11-25 04:35:29,26.7,59.5
2017-11-25 04:30:42,26.8,59.2
2017-11-25 04:25:32,26.9,58.9
2017-11-25 04:20:33,26.9,58.9
2017-11-25 04:15:30,26.8,59.2
2017-11-25 04:10:39,26.9,58.8
2017-11-25 04:05:59,27,59.1
2017-11-25 04:00:41,27.1,58.6
2017-11-25 03:55:40,27.2,58.6
2017-11-25 03:50:54,27.1,58.8
2017-11-25 03:45:37,27,59.2
2017-11-25 03:40:38,26.8,59.2
2017-11-25 03:35:42,26.9,59.2
2017-11-25 03:30:43,26.9,59
2017-11-25 03:25:48,26.9,58.7
2017-11-25 03:20:44,27.1,59
2017-11-25 03:15:43,27,59
2017-11-25 03:11:21,27,59
2017-11-25 03:10:46,27,59
2017-11-25 03:05:47,26.9,58.7
2017-11-25 03:01:25,27,59.1
2017-11-25 03:00:53,27,59.1
2017-11-25 02:55:46,27.1,58.7
2017-11-25 02:51:25,27.2,58.2
2017-11-25 02:50:56,27.2,58.2
2017-11-25 02:45:56,27.4,57.6
2017-11-25 02:40:49,27.2,58
2017-11-25 02:35:51,27.1,58.6
2017-11-25 02:30:49,27,58.8
2017-11-25 02:25:48,27.1,58.7
2017-11-25 02:20:47,27.1,58.5
2017-11-25 02:15:59,27.2,58.1
2017-11-25 02:10:55,27.2,57.9
2017-11-25 02:05:54,27.3,57.6
2017-11-25 02:01:08,27.3,57.9
2017-11-25 01:55:56,27.2,58.1
2017-11-25 01:50:56,27.3,57.6
2017-11-25 01:46:22,27.5,57
2017-11-25 01:45:52,27.5,56.9
2017-11-25 01:40:51,27.4,57.3
2017-11-25 01:36:23,27.2,57.9
2017-11-25 01:30:57,27.2,57.8
2017-11-25 01:26:01,27.1,58
2017-11-25 01:21:02,27.1,58
2017-11-25 01:15:55,27.2,58
2017-11-25 01:10:55,27.2,57.9
2017-11-25 01:05:59,27.2,57.8
2017-11-25 01:00:58,27.2,57.7
2017-11-25 00:56:01,27.2,57.6
2017-11-25 00:50:58,27.3,57.4
2017-11-25 00:46:21,27.2,57.4
2017-11-25 00:41:30,27.3,57.3
2017-11-25 00:41:00,27.3,57.2
2017-11-25 00:36:46,27.3,57.1
2017-11-25 00:36:08,27.3,57.2
2017-11-25 00:31:14,27.4,56.9
2017-11-25 00:26:23,27.4,56.9
2017-11-25 00:21:02,27.3,57.3
2017-11-25 00:16:07,27.2,57.4
2017-11-25 00:11:07,27.2,57.5
2017-11-25 00:06:03,27.2,57.4
2017-11-25 00:01:07,27.2,57.4
2017-11-24 23:56:10,27.2,57.4
2017-11-24 23:51:09,27.2,57.4
2017-11-24 23:46:05,27.2,57.2
2017-11-24 23:41:14,27.3,57.2
2017-11-24 23:36:09,27.3,56.9
2017-11-24 23:31:08,27.4,56.6
2017-11-24 23:26:19,27.3,56.8
2017-11-24 23:21:15,27.4,56.2
2017-11-24 23:16:13,27.5,56.1
2017-11-24 23:11:46,27.4,56.2
2017-11-24 23:11:10,27.4,56.5
2017-11-24 23:06:15,27.3,56.6
2017-11-24 23:01:19,27.2,56.7
2017-11-24 22:56:27,27.2,56.5
2017-11-24 22:51:19,27.2,56.7
2017-11-24 22:46:21,27.2,56.4
2017-11-24 22:41:19,27.2,56.3
2017-11-24 22:36:22,27.3,56.1
2017-11-24 22:31:17,27.3,55.9
2017-11-24 22:26:22,27.3,55.8
2017-11-24 22:21:21,27.4,55.6
2017-11-24 22:16:21,27.5,55
2017-11-24 22:11:34,27.7,54
2017-11-24 22:08:02,27.6,54.3
2017-11-24 21:56:40,27.4,54.9
2017-11-24 21:54:42,27.3,55
2017-11-24 21:46:27,27.3,55
2017-11-24 21:44:35,27.3,54.9
2017-11-24 21:36:29,27.3,54.9
2017-11-24 21:35:19,27.3,54.8
2017-11-24 21:30:29,27.3,54.8
2017-11-24 21:16:30,27.4,54.2
2017-11-24 21:14:26,27.4,53.9
2017-11-24 21:06:26,27.5,53.1
2017-11-24 21:04:24,27.5,53
2017-11-24 20:56:27,27.5,53
2017-11-24 20:54:16,27.5,53.1
2017-11-24 20:53:36,27.4,53.1
2017-11-24 20:39:30,27.3,53.1
2017-11-24 20:34:51,27.4,52.9
2017-11-24 20:27:00,27.3,52.4
2017-11-24 20:24:55,27.3,52.6
2017-11-24 20:16:34,27.3,52
2017-11-24 20:14:51,27.3,52
2017-11-24 20:08:35,27.4,51.6
2017-11-24 20:08:05,27.4,51.6
2017-11-24 19:56:41,27.4,51.5
2017-11-24 19:53:11,27.3,51.4
2017-11-24 19:50:02,27.2,51.6
2017-11-24 19:41:53,27.1,51.7
2017-11-24 19:40:11,27.1,51.7
2017-11-24 19:31:43,27,51
2017-11-24 19:30:34,27.1,51.1
2017-11-24 19:21:38,27.1,50.6
2017-11-24 19:18:16,27,50.4
2017-11-24 19:15:49,27,50.5
2017-11-24 19:15:10,26.9,49.9
2017-11-24 19:01:49,26.6,50.2
2017-11-24 18:58:23,26.6,50
2017-11-24 18:47:02,26.1,50.7
2017-11-24 18:44:50,26,50.9
2017-11-24 18:36:43,25.5,51.6
2017-11-24 18:36:08,25.5,51.7
2017-11-24 18:22:01,25.8,49.2
2017-11-24 18:20:29,25.9,48.7
2017-11-24 18:11:54,26.6,48.6
2017-11-24 18:07:24,26.7,48.5
2017-11-24 18:06:54,26.7,48.5
2017-11-24 18:05:11,26.5,48.8
2017-11-24 17:56:56,26.3,49
2017-11-24 17:52:07,26,49.3
2017-11-24 17:50:26,25.9,48.8
2017-11-24 17:36:41,25.6,47.9
2017-11-24 17:35:40,25.7,47.7
2017-11-24 17:30:17,26.2,47.3
2017-11-24 17:23:07,26.5,47.7
2017-11-24 17:20:08,26.3,48.7
2017-11-24 17:15:06,26.4,48.6
2017-11-24 17:10:05,26.6,48.5
2017-11-24 17:05:06,26.6,47.8
2017-11-24 16:58:02,26.4,47.6
2017-11-24 16:57:11,26.4,47.4
2017-11-24 16:55:37,26.4,47.1
2017-11-24 16:47:17,25.7,46.8
2017-11-24 16:46:11,25.6,47.3
2017-11-24 16:37:18,25.5,47.3
2017-11-24 16:35:33,25.6,47.1
2017-11-24 16:26:59,25.9,47
2017-11-24 16:22:01,26.3,47
2017-11-24 16:20:38,26.4,46.7
2017-11-24 16:07:04,26.6,47.7
2017-11-24 16:05:45,26.8,47.4
2017-11-24 15:57:22,26.4,48.6
2017-11-24 15:52:19,26.1,48.2
2017-11-24 15:47:24,26,48.1
2017-11-24 15:42:35,25.3,48.5
2017-11-24 15:37:22,25.1,48.2
2017-11-24 15:33:08,25.2,48.4
2017-11-24 15:28:56,25.4,47.8
2017-11-24 15:17:29,26.3,47
2017-11-24 15:16:31,26.4,47
2017-11-24 15:07:13,26.7,47
2017-11-24 14:57:16,26.4,48.7
2017-11-24 14:55:26,26.5,48.5
2017-11-24 14:49:29,26.4,48.2
2017-11-24 14:40:21,26.2,47
2017-11-24 14:32:34,25.5,46.7
2017-11-24 14:22:26,25,48.8
2017-11-24 14:20:32,25,48.8
2017-11-24 14:13:33,25.1,49.2
2017-11-24 14:06:05,25.5,48.3
2017-11-24 13:57:21,25.6,49.8
2017-11-24 13:55:29,25.5,49.9
2017-11-24 13:53:54,25.4,50.6
2017-11-24 13:53:11,25.3,50.7
2017-11-24 13:52:41,25.3,50.7
2017-11-24 13:50:39,25.5,50.6
2017-11-24 13:42:52,25.9,50.1
2017-11-24 13:37:15,26.2,49.4
2017-11-24 13:35:44,26.2,49
2017-11-24 13:27:49,26.4,47.7
2017-11-24 13:18:41,25.3,48.2
2017-11-24 13:12:31,25.2,48.3
2017-11-24 13:07:59,25.2,48.5
2017-11-24 13:02:49,25.2,48.9
2017-11-24 12:57:46,25.4,48.6
2017-11-24 12:52:49,25.9,47.3
2017-11-24 12:47:56,25.9,47.5
2017-11-24 12:43:23,25.6,48.9
2017-11-24 12:39:20,25.5,49.4
2017-11-24 12:27:38,26.3,48.3
2017-11-24 12:26:10,26.2,48.2
2017-11-24 12:22:40,26.3,48.8
2017-11-24 12:17:36,26.1,49.7
2017-11-24 12:12:45,26,50.3
2017-11-24 12:07:36,26.3,48.8
2017-11-24 12:03:45,26.1,48.9
2017-11-24 12:02:58,26,48.4
2017-11-24 11:58:29,25.8,48.1
2017-11-24 11:57:12,25.5,48.6
2017-11-24 11:50:49,25,48.8
2017-11-24 11:43:00,25,48.9
2017-11-24 11:42:22,25,48.9
2017-11-24 11:27:48,25.7,48.4
2017-11-24 11:23:09,25.2,50.2
2017-11-24 11:20:58,25.1,50.6
2017-11-24 11:12:53,25.4,50.2
2017-11-24 11:08:19,25.6,50.3
2017-11-24 11:06:03,25.6,49.9
2017-11-24 11:01:41,25.9,49
2017-11-24 10:56:02,25.9,48.4
2017-11-24 10:48:31,25.4,48.5
2017-11-24 10:37:48,25,48.4
2017-11-24 10:36:10,24.9,48.7
2017-11-24 10:26:52,25.3,48
2017-11-24 10:19:20,25.6,48
2017-11-24 10:18:43,25.6,48
2017-11-24 10:03:17,25.1,51.4
2017-11-24 10:01:38,25.1,51.6
2017-11-24 09:48:45,25.9,50.4
2017-11-24 09:46:13,25.8,50.7
2017-11-24 09:25:53,24.7,50.4
2017-11-24 09:18:12,25,50.2
2017-11-24 09:17:12,25.1,49.8
2017-11-24 09:08:17,25.5,49.8
2017-11-24 09:06:15,25.2,51.2
2017-11-24 09:04:32,25.2,51.5
2017-11-24 09:03:53,25,51.9
2017-11-24 09:01:46,25.1,52.1
2017-11-24 08:52:16,25.2,53.2
2017-11-24 08:43:16,25.4,54.1
2017-11-24 08:39:38,25.3,53.9
2017-11-24 08:33:20,25.2,54.2
2017-11-24 08:28:05,25,54.5
2017-11-24 08:23:16,25,53.5
2017-11-24 08:18:07,25,52.5
2017-11-24 08:13:21,24.9,52.3
2017-11-24 08:08:59,24.8,53.2
2017-11-24 08:03:24,25.2,51.9
2017-11-24 07:58:18,25.2,52.8
2017-11-24 07:53:12,25,55
2017-11-24 07:48:36,24.8,54.8
2017-11-24 07:43:15,25.1,54.9
2017-11-24 07:38:40,25.2,55.3
2017-11-24 07:38:05,25.2,55.5
2017-11-24 07:33:45,25.2,55.6
2017-11-24 07:33:09,25.1,55.5
2017-11-24 07:28:18,25.2,56
2017-11-24 07:23:06,25.3,55.7
2017-11-24 07:18:49,25.3,56.1
2017-11-24 07:18:19,25.3,56.2
2017-11-24 07:13:23,24.8,56.1
2017-11-24 07:09:07,24.8,56
2017-11-24 07:08:19,24.7,56.1
2017-11-24 07:03:19,24.6,55.2
2017-11-24 06:58:10,24.6,54.2
2017-11-24 06:53:21,24.7,55.7
2017-11-24 06:48:11,24.7,56.2
2017-11-24 06:43:12,24.8,56.4
2017-11-24 06:38:33,24.8,59.6
2017-11-24 06:33:23,24.6,59.2
2017-11-24 06:28:31,24.7,59.4
2017-11-24 06:23:17,25,60.3
2017-11-24 06:18:22,24.9,58.7
2017-11-24 06:13:54,25.2,59.4
2017-11-24 06:08:26,25,61.1
2017-11-24 06:03:18,24.7,60
2017-11-24 05:58:20,24.9,61.4
2017-11-24 05:53:27,24.6,60.8
2017-11-24 05:48:20,25.1,60.3
2017-11-24 05:43:30,25,59.6
2017-11-24 05:38:59,25.2,56.9
2017-11-24 05:33:23,25.9,58.1
2017-11-24 05:28:24,25.6,59.6
2017-11-24 05:23:23,25.6,59.9
2017-11-24 05:21:39,25.6,59.8
2017-11-24 05:13:31,25.7,59.2
2017-11-24 05:11:39,25.8,59.1
2017-11-24 05:03:25,25.9,58.9
2017-11-24 05:01:38,25.8,59.1
2017-11-24 04:53:29,25.6,60.1
2017-11-24 04:38:29,25.7,59.6
2017-11-24 04:36:48,25.7,59.5
2017-11-24 04:28:37,26,59.2
2017-11-24 04:25:16,26,59
2017-11-24 04:21:10,26,59.3
2017-11-24 04:08:32,25.9,58.8
2017-11-24 04:07:36,25.9,58.8
2017-11-24 03:48:36,25.8,59.3
2017-11-24 03:47:06,25.8,59.4
2017-11-24 03:40:19,25.7,59.7
2017-11-24 03:39:50,25.7,59.7
2017-11-24 03:39:20,25.7,59.7
2017-11-24 03:38:50,25.7,59.6
2017-11-24 03:33:53,25.8,59.5
2017-11-24 03:29:17,25.8,59.3
2017-11-24 03:28:47,25.8,59.2
2017-11-24 03:23:44,26,59.2
2017-11-24 03:18:36,26,59
2017-11-24 03:13:46,26.1,59
2017-11-24 03:08:40,26.1,58.8
2017-11-24 03:04:16,26.1,58.9
2017-11-24 03:03:43,26.1,58.9
2017-11-24 02:59:28,26,59.3
2017-11-24 02:58:42,26,59.3
2017-11-24 02:53:44,26,59.3
2017-11-24 02:49:44,26.1,59
2017-11-24 02:49:14,26.1,58.9
2017-11-24 02:48:44,26.1,59
2017-11-24 02:44:34,26,59.2
2017-11-24 02:43:59,26,59.3
2017-11-24 02:38:50,25.9,59.2
2017-11-24 02:33:47,25.8,59.3
2017-11-24 02:28:47,25.9,59.1
2017-11-24 02:24:45,25.9,58.9
2017-11-24 02:24:15,26,59.4
2017-11-24 02:23:45,26,59.4
2017-11-24 02:19:18,26,59.2
2017-11-24 02:18:48,26,59.2
2017-11-24 02:13:53,26.1,58.9
2017-11-24 02:09:36,26.1,58.8
2017-11-24 02:09:06,26.1,58.8
2017-11-24 02:03:53,26.2,58.6
2017-11-24 01:58:54,26.2,58.4
2017-11-24 01:53:56,26.1,59
2017-11-24 01:48:56,26.1,59
2017-11-24 01:43:56,26.1,58.8
2017-11-24 01:38:55,26.2,58.7
2017-11-24 01:34:52,26.2,58.8
2017-11-24 01:34:22,26.2,58.8
2017-11-24 01:28:58,26.2,58.9
2017-11-24 01:24:10,26.1,58.9
2017-11-24 01:18:56,26.1,59
2017-11-24 01:13:55,26.1,58.9
2017-11-24 01:08:58,26.2,58.7
2017-11-24 01:04:01,26.3,58.4
2017-11-24 00:58:56,26.2,58.7
2017-11-24 00:54:28,26.2,58.7
2017-11-24 00:53:58,26.2,58.7
2017-11-24 00:49:11,26.2,58.9
2017-11-24 00:45:06,26.2,58.7
2017-11-24 00:44:26,26.1,58.7
2017-11-24 00:43:55,26.2,58.7
2017-11-24 00:39:12,26.2,58.6
2017-11-24 00:34:01,26.3,58.2
2017-11-24 00:29:28,26.3,58.3
2017-11-24 00:28:58,26.3,58.3
2017-11-24 00:24:00,26.2,58.5
2017-11-24 00:19:05,26.2,58.5
2017-11-24 00:14:07,26.3,58.4
2017-11-24 00:09:31,26.3,58.1
2017-11-24 00:04:33,26.3,57.9
2017-11-24 00:02:10,26.3,57.8
2017-11-24 00:01:20,26.3,57.8
2017-11-23 23:47:21,26.1,58.7
2017-11-23 23:45:05,26.1,58.5
2017-11-23 23:44:14,26.1,58.5
2017-11-23 23:43:18,26.1,58.5
2017-11-23 23:36:06,26.1,58.3
2017-11-23 23:35:25,26.1,58.2
2017-11-23 23:34:52,26.2,58.2
2017-11-23 23:33:36,26.1,58.1
2017-11-23 23:33:05,26.2,58.2
2017-11-23 23:24:09,26.3,57.7
2017-11-23 23:22:41,26.3,57.7
2017-11-23 23:09:33,26.3,57.2
2017-11-23 23:07:31,26.4,56.8
2017-11-23 23:05:55,26.4,56.8
2017-11-23 23:02:35,26.4,56.7
2017-11-23 22:54:18,26.2,56.9
2017-11-23 22:53:11,26.1,57.7
2017-11-23 22:44:30,26,57.7
2017-11-23 22:39:22,26,57.5
2017-11-23 22:34:05,26,57.1
2017-11-23 22:33:17,26,57
2017-11-23 22:24:30,26,57
2017-11-23 22:14:25,26,56.6
2017-11-23 22:12:25,26,56.5
2017-11-23 22:10:49,26.1,56.5
2017-11-23 22:10:19,26.1,56.4
2017-11-23 22:09:22,26.1,56.5
2017-11-23 22:04:20,26,56.5
2017-11-23 21:59:18,25.9,56.1
2017-11-23 21:54:20,25.9,55.9
2017-11-23 21:49:20,25.9,56.1
2017-11-23 21:45:00,25.8,56.3
2017-11-23 21:44:25,25.7,56.2
2017-11-23 21:39:23,25.7,56.4
2017-11-23 21:35:01,25.6,56.3
2017-11-23 21:34:29,25.6,56.3
2017-11-23 21:29:37,25.5,56.6
2017-11-23 21:24:28,25.5,56.8
2017-11-23 21:19:26,25.6,56.9
2017-11-23 21:14:56,25.5,58.1
2017-11-23 21:14:24,25.5,58.1
2017-11-23 21:09:36,25.4,58.2
2017-11-23 21:04:29,25.2,57.5
2017-11-23 21:00:03,25.2,56.2
2017-11-23 20:59:33,25.2,56.4
2017-11-23 20:54:28,25.1,54.3
2017-11-23 20:49:33,24.9,52.8
2017-11-23 20:44:33,24.9,52.9
2017-11-23 20:39:32,25.2,53.3
2017-11-23 20:34:37,25.2,54.2
2017-11-23 20:29:30,25.4,55.4
2017-11-23 20:24:38,25.5,56.6
2017-11-23 20:19:43,25.5,57
2017-11-23 20:14:40,25.5,56.1
2017-11-23 20:09:38,25.4,54.7
2017-11-23 20:05:09,25.3,53.9
2017-11-23 20:04:37,25.3,53.7
2017-11-23 19:59:33,25.2,51
2017-11-23 19:54:31,25.2,49.1
2017-11-23 19:49:38,25.3,49.3
2017-11-23 19:44:54,25.5,48.9
2017-11-23 19:39:38,25.6,48.9
2017-11-23 19:34:36,25.7,48.4
2017-11-23 19:29:36,26.1,48.8
2017-11-23 19:25:15,26.6,51.4
2017-11-23 19:24:45,26.6,50.7
2017-11-23 19:20:59,27,52.2
2017-11-23 19:19:46,27.2,52.2
2017-11-23 19:16:39,27.2,52.4
2017-11-23 19:13:36,27.1,52.1
2017-11-23 19:04:59,26.6,52.4
2017-11-23 19:03:03,26.6,52.5
2017-11-23 18:55:23,26.4,52.9
2017-11-23 18:53:47,26.4,52.8
2017-11-23 18:53:05,26.4,52.7
2017-11-23 18:46:27,26.5,52.5
2017-11-23 18:45:55,26.4,52.8
2017-11-23 18:45:25,26.4,52.7
2017-11-23 18:44:55,26.4,52.8
2017-11-23 18:40:16,26.3,51.9
2017-11-23 18:39:43,26.3,51.4
2017-11-23 18:36:04,26.3,52.7
2017-11-23 18:34:53,26.1,53.2
2017-11-23 18:29:50,26.1,52.1
2017-11-23 18:24:50,26.3,51.1
2017-11-23 18:20:35,26.1,51.2
2017-11-23 18:14:57,25.7,50.1
2017-11-23 18:10:19,25.8,48.7
2017-11-23 18:04:52,25.7,50.3
2017-11-23 17:59:51,25.7,50.9
2017-11-23 17:55:02,25.7,51.2
2017-11-23 17:50:49,25.8,50
2017-11-23 17:48:55,26,50
2017-11-23 17:48:03,26,49.9
2017-11-23 17:41:06,26.1,50
2017-11-23 17:37:38,25.9,50.2
2017-11-23 17:33:16,25.7,50.4
2017-11-23 17:31:44,25.6,50.7
2017-11-23 17:29:49,25.6,50.8
2017-11-23 17:28:48,25.6,50.9
2017-11-23 17:20:03,25.5,50.7
2017-11-23 17:15:27,25.5,51.6
2017-11-23 17:13:49,25.5,50.1
2017-11-23 17:05:24,25.3,49.5
2017-11-23 17:03:27,25.3,49
2017-11-23 16:55:44,25.5,49.2
2017-11-23 16:54:03,25.6,48.9
2017-11-23 16:48:35,25.8,49.3
2017-11-23 16:43:23,25.9,48.9
2017-11-23 16:34:58,25.9,48.9
2017-11-23 16:34:12,26,49.3
2017-11-23 16:25:30,25.8,49
2017-11-23 16:23:58,25.8,48.7
2017-11-23 16:13:13,25.2,48.1
2017-11-23 16:08:14,25.2,47.5
2017-11-23 16:00:23,25.9,46.6
2017-11-23 15:59:29,25.9,46.4
2017-11-23 15:58:52,26,46.9
2017-11-23 15:53:48,26,47.4
2017-11-23 15:45:39,25.8,48.8
2017-11-23 15:43:15,25.9,49
2017-11-23 15:35:06,26,49.3
2017-11-23 15:30:56,26.2,48.4
2017-11-23 15:28:58,26.3,47.8
2017-11-23 15:24:41,26,47.7
2017-11-23 15:23:30,26,47.7
2017-11-23 15:15:39,25.4,47.7
2017-11-23 15:13:59,25.1,48.1
2017-11-23 15:11:43,25.1,48.3
2017-11-23 15:10:16,25.1,48.4
2017-11-23 15:08:52,25.1,48.8
2017-11-23 15:08:23,25,48.8
2017-11-23 15:03:40,25.2,48.8
2017-11-23 14:56:45,25.5,48.5
2017-11-23 14:56:13,25.5,48.6
2017-11-23 14:52:08,25.6,48.8
2017-11-23 14:49:19,25.6,48.8
2017-11-23 14:41:04,25.5,50.2
2017-11-23 14:38:37,25.6,50.1
2017-11-23 14:37:18,25.8,49.6
2017-11-23 14:29:17,25.9,48.6
2017-11-23 14:20:02,26,46.9
2017-11-23 14:12:54,25.5,46.4
2017-11-23 13:56:44,25.3,48
2017-11-23 13:52:16,25.4,48
2017-11-23 13:40:22,25.9,48
2017-11-23 13:39:41,25.8,48.4
2017-11-23 13:30:24,25.4,50.6
2017-11-23 13:29:12,25.6,50.2
2017-11-23 13:22:45,26,50
2017-11-23 13:10:22,26.1,47.8
2017-11-23 13:06:36,26,47.6
2017-11-23 12:46:07,25.6,47.7
2017-11-23 12:44:43,25.6,47.7
2017-11-23 12:43:24,25.6,48
2017-11-23 12:25:41,25.6,49.6
2017-11-23 12:24:42,25.7,49.3
2017-11-23 12:24:03,25.6,49.6
2017-11-23 12:11:06,25.5,51.5
2017-11-23 12:09:05,25.5,51.5
2017-11-23 12:00:54,25.5,50.6
2017-11-23 11:58:42,25.5,50.6
2017-11-23 11:54:37,25.4,50
2017-11-23 11:47:07,25,48.8
2017-11-23 11:46:05,25.1,48
2017-11-23 11:42:02,25.3,47.6
2017-11-23 11:30:45,24.8,49.7
2017-11-23 11:26:37,25,49.9
2017-11-23 11:23:27,25.1,49.9
2017-11-23 11:10:48,25.3,50.9
2017-11-23 11:09:54,25.4,51
2017-11-23 11:01:32,25.4,52.2
2017-11-23 10:50:54,25.3,52.4
2017-11-23 10:49:21,25.2,52.4
2017-11-23 10:41:02,25.2,51.2
2017-11-23 10:39:56,25.1,51.2
2017-11-23 10:33:50,25.3,48.7
2017-11-23 10:25:48,25,51
2017-11-23 10:22:54,24.7,51.6
2017-11-23 10:20:10,25,51.8
2017-11-23 10:19:29,25,51.8
2017-11-23 10:13:59,24.9,52.9
2017-11-23 10:06:07,25.2,52.2
2017-11-23 09:57:38,25.4,52.5
2017-11-23 09:49:31,25.6,52.8
2017-11-23 09:40:48,25.5,53.2
2017-11-23 09:39:19,25.5,53.5
2017-11-23 09:34:19,25.2,55
2017-11-23 09:31:58,25.1,55.1
2017-11-23 09:31:15,25.2,54.8
2017-11-23 09:28:29,25.3,54.7
2017-11-23 09:27:44,25.3,54.3
2017-11-23 09:25:54,25.3,54.1
2017-11-23 09:17:05,24.6,55.5
2017-11-23 09:15:25,24.5,55
2017-11-23 09:10:57,24.6,55.2
2017-11-23 09:07:56,24.6,55.9
2017-11-23 09:06:50,24.7,56.1
2017-11-23 08:56:47,24.7,56.5
2017-11-23 08:52:15,25,57.7
2017-11-23 08:44:37,25.2,57
2017-11-23 08:36:17,24.9,58.2
2017-11-23 08:33:20,24.9,57.9
2017-11-23 08:32:37,24.9,58
2017-11-23 08:21:04,24.7,57.3
2017-11-23 08:17:36,24.7,56.5
2017-11-23 08:14:09,24.6,56.7
2017-11-23 07:57:12,24.6,58.2
2017-11-23 07:51:43,24.7,58.7
2017-11-23 07:51:11,24.7,58.5
2017-11-23 07:46:05,24.9,58.4
2017-11-23 07:41:04,24.9,59.2
2017-11-23 07:36:16,24.6,58.4
2017-11-23 07:31:09,24.6,60.8
2017-11-23 07:26:05,24.5,60
2017-11-23 07:21:09,24.6,58.9
2017-11-23 07:16:13,24.6,58.6
2017-11-23 07:11:16,24.6,56.9
2017-11-23 07:07:01,24.7,55.3
2017-11-23 07:01:12,24.4,54.7
2017-11-23 06:56:48,24.4,54.7
2017-11-23 06:56:10,24.5,54.9
2017-11-23 06:51:11,24.5,55.4
2017-11-23 06:46:28,24.3,56.6
2017-11-23 06:41:19,24.6,57.6
2017-11-23 06:36:20,24.9,59
2017-11-23 06:31:21,24.8,58.9
2017-11-23 06:26:18,24.9,61.6
2017-11-23 06:21:18,24.6,61.1
2017-11-23 06:16:45,24.6,59.8
2017-11-23 06:16:15,24.7,60
2017-11-23 06:11:17,24.8,61.3
2017-11-23 06:06:20,24.7,60.3
2017-11-23 06:01:23,25.2,58.7
2017-11-23 05:57:04,25.2,59.9
2017-11-23 05:56:34,25.2,59.6
2017-11-23 05:51:17,24.7,59.4
2017-11-23 05:46:29,24.9,61.5
2017-11-23 05:41:26,24.9,59.1
2017-11-23 05:36:25,25.1,56.8
2017-11-23 05:31:29,25.5,59.3
2017-11-23 05:26:32,25.7,58.8
2017-11-23 05:21:25,25.6,59
2017-11-23 05:16:28,25.5,59.6
2017-11-23 05:12:01,25.4,59.8
2017-11-23 05:11:30,25.4,59.8
2017-11-23 05:06:24,25.5,59.6
2017-11-23 05:01:32,25.5,59.3
2017-11-23 04:56:29,25.7,58.9
2017-11-23 04:51:26,25.9,57.9
2017-11-23 04:46:33,25.9,58.1
2017-11-23 04:41:32,25.7,59.1
2017-11-23 04:36:27,25.4,59.8
2017-11-23 04:31:31,25.4,59.7
2017-11-23 04:26:28,25.4,59.9
2017-11-23 04:21:32,25.5,59.7
2017-11-23 04:16:32,25.6,59.2
2017-11-23 04:11:31,25.6,59.4
2017-11-23 04:06:34,25.4,60
2017-11-23 04:01:48,25.3,60.1
2017-11-23 03:56:58,25.4,59.9
2017-11-23 03:51:36,25.5,59.6
2017-11-23 03:46:38,25.6,59
2017-11-23 03:41:40,25.9,58.3
2017-11-23 03:36:49,25.6,59.2
2017-11-23 03:32:01,25.5,59.8
2017-11-23 03:26:44,25.4,60
2017-11-23 03:22:27,25.5,59.7
2017-11-23 03:17:03,25.5,59.7
2017-11-23 03:11:56,25.5,59.5
2017-11-23 03:06:51,25.7,59
2017-11-23 03:03:26,25.7,59.1
2017-11-23 03:00:18,25.6,59.3
2017-11-23 02:57:25,25.5,59.9
2017-11-23 02:56:46,25.4,60
2017-11-23 02:55:12,25.4,60
2017-11-23 02:41:57,25.5,59.4
2017-11-23 02:40:02,25.6,59.3
2017-11-23 02:31:44,25.8,58.5
2017-11-23 02:30:44,25.9,58.5
2017-11-23 02:18:41,25.6,59.5
2017-11-23 02:18:11,25.6,59.5
2017-11-23 02:15:04,25.6,59.3
2017-11-23 02:09:14,25.7,59.2
2017-11-23 02:08:32,25.7,59.2
2017-11-23 01:58:38,25.9,58.6
2017-11-23 01:55:33,25.8,58.6
2017-11-23 01:47:00,25.6,59.6
2017-11-23 01:45:45,25.6,59.6
2017-11-23 01:45:13,25.6,59.6
2017-11-23 01:37:14,25.7,59.3
2017-11-23 01:33:47,25.7,59.2
2017-11-23 01:30:48,25.8,59
2017-11-23 01:22:23,26.1,58.4
2017-11-23 01:19:49,26.1,58.7
2017-11-23 01:18:31,26.1,58.7
2017-11-23 01:07:04,25.8,58.9
2017-11-23 00:42:11,25.9,58.4
2017-11-23 00:32:08,25.8,58.8
2017-11-23 00:30:38,25.9,58.7
2017-11-23 00:19:28,26,58.6
2017-11-23 00:18:58,26,58.6
2017-11-23 00:17:04,26,58.4
2017-11-23 00:16:22,26.1,58.3
2017-11-23 00:15:52,26.1,58.3
2017-11-23 00:08:56,26.1,58.2
2017-11-23 00:03:43,26.1,58.4
2017-11-22 23:52:07,25.9,58.1
2017-11-22 23:50:19,25.9,58.1
2017-11-22 23:49:44,25.9,58.1
2017-11-22 23:49:01,25.9,58.2
2017-11-22 23:37:11,26.1,57.9
2017-11-22 23:36:45,26.1,57.8
2017-11-22 23:33:54,26,58
2017-11-22 23:27:24,26.1,58
2017-11-22 23:22:18,26.2,57.7
2017-11-22 23:17:18,26.2,57.4
2017-11-22 23:13:06,26.3,57
2017-11-22 23:09:12,26.3,57
2017-11-22 23:08:20,26.3,56.9
2017-11-22 23:05:45,26.3,56.9
2017-11-22 22:57:24,26.3,57
2017-11-22 22:51:59,26.3,57.3
2017-11-22 22:50:30,26.3,57.5
2017-11-22 22:48:11,26.2,57.8
2017-11-22 22:47:39,26.2,57.9
2017-11-22 22:43:37,26.2,57.8
2017-11-22 22:39:37,26.2,57.6
2017-11-22 22:36:01,26.2,57.6
2017-11-22 22:31:33,26.2,57.4
2017-11-22 22:30:39,26.2,57.5
2017-11-22 22:22:26,26.1,57.7
2017-11-22 22:21:01,26.1,57.6
2017-11-22 22:18:59,26.1,57.6
2017-11-22 22:18:18,26.2,57.5
2017-11-22 22:11:11,26.3,57.1
2017-11-22 22:10:28,26.3,57
2017-11-22 22:09:57,26.3,57
2017-11-22 22:09:27,26.3,56.9
2017-11-22 21:48:12,26.4,56.6
2017-11-22 21:43:09,26.3,56.9
2017-11-22 21:35:33,26.3,56.9
2017-11-22 21:34:18,26.3,56.9
2017-11-22 21:31:06,26.3,56.8
2017-11-22 21:27:06,26.3,56.7
2017-11-22 21:25:52,26.3,56.7
2017-11-22 21:12:39,26.2,56.9
2017-11-22 21:12:09,26.2,56.9
2017-11-22 20:58:28,26.4,56
2017-11-22 20:57:39,26.4,56.1
2017-11-22 20:54:09,26.4,55.8
2017-11-22 20:45:23,26.4,55.6
2017-11-22 20:44:53,26.4,55.7
2017-11-22 20:36:11,26.3,55.8
2017-11-22 20:27:57,26.3,55.7
2017-11-22 20:25:45,26.3,55.5
2017-11-22 20:17:43,26.3,55.3
2017-11-22 20:14:45,26.4,55.2
2017-11-22 20:03:57,26.2,55.4
2017-11-22 20:02:44,26.2,55.4
2017-11-22 20:00:00,26.2,55.2
2017-11-22 19:56:17,26.3,54.9
2017-11-22 19:48:48,26.3,54.9
2017-11-22 19:45:41,26.3,54.8
2017-11-22 19:37:36,26.2,55
2017-11-22 19:34:57,26.1,54.9
2017-11-22 19:33:31,26.1,54.9
2017-11-22 19:29:43,26.1,55
2017-11-22 19:20:48,26.2,54.3
2017-11-22 19:19:26,26.3,54
2017-11-22 19:15:40,26.4,53.5
2017-11-22 19:11:53,26.3,53.8
2017-11-22 19:03:07,26,54.5
2017-11-22 19:00:53,26,54.5
2017-11-22 18:57:45,25.9,53.9
2017-11-22 18:55:48,25.9,54
2017-11-22 18:53:35,25.8,53.9
2017-11-22 18:50:57,25.8,53.6
2017-11-22 18:43:34,25.7,53.2
2017-11-22 18:42:47,25.7,53.2
2017-11-22 18:42:12,25.6,53.3
2017-11-22 18:40:49,25.6,53.5
2017-11-22 18:33:24,25.5,53.2
2017-11-22 18:32:54,25.5,52.9
2017-11-22 18:30:59,25.8,52.6
2017-11-22 18:26:22,25.7,53
2017-11-22 18:19:24,25.3,54
2017-11-22 18:11:30,25.3,53.5
2017-11-22 18:04:33,25.1,53.8
2017-11-22 17:51:42,25.1,51.4
2017-11-22 17:43:29,25.1,52.1
2017-11-22 17:33:41,25.3,51.5
2017-11-22 17:28:29,25.6,51.4
2017-11-22 17:21:32,25.8,51.6
2017-11-22 17:13:04,25.5,51.6
2017-11-22 17:01:43,25.2,49.9
2017-11-22 16:55:42,25.2,49.9
2017-11-22 16:46:47,25.7,48.4
2017-11-22 16:46:17,25.6,48.8
2017-11-22 16:41:52,25.6,50.3
2017-11-22 16:35:59,25.4,49.2
2017-11-22 16:34:12,25.7,49.1
2017-11-22 16:33:12,25.6,49.4
2017-11-22 16:16:14,25.8,49.6
2017-11-22 16:09:01,25.8,49.4
2017-11-22 16:08:21,25.8,49.5
2017-11-22 16:07:12,25.7,49.8
2017-11-22 16:05:15,25.7,49.6
2017-11-22 15:20:17,25.6,49.3
2017-11-22 14:34:21,25.1,47
2017-11-22 14:33:45,25.1,47.1
2017-11-22 14:32:03,25.2,47.2
2017-11-22 14:26:01,24.8,49.1
2017-11-22 14:18:41,24.8,48.6
2017-11-22 14:17:31,24.8,48.8
2017-11-22 14:08:28,24.9,48.3
2017-11-22 13:58:30,25.2,48.8
2017-11-22 13:50:52,24.9,48.7
2017-11-22 13:33:50,25.2,48.6
2017-11-22 13:32:23,25.2,48.5
2017-11-22 13:24:59,25.8,47.7
2017-11-22 13:17:28,25.4,49.3
2017-11-22 13:08:36,25.2,48.9
2017-11-22 13:07:41,25.2,48.9
2017-11-22 13:01:04,24.9,48.3
2017-11-22 12:50:32,25,46.6
2017-11-22 12:38:28,24.7,47.8
2017-11-22 12:35:31,24.9,48.1
2017-11-22 12:15:50,25.1,47
2017-11-22 12:04:51,25.4,48
2017-11-22 12:01:40,25.8,47
2017-11-22 11:48:31,25,48.7
2017-11-22 11:42:10,24.7,48.5
2017-11-22 11:30:17,24.9,48.5
2017-11-22 11:27:13,24.9,47.6
2017-11-22 11:26:43,24.9,47.4
2017-11-22 11:20:51,24.9,48.4
2017-11-22 11:19:37,24.9,48.8
2017-11-22 11:09:06,24.5,48.6
2017-11-22 10:54:27,25,47
2017-11-22 10:33:57,24.6,49.2
2017-11-22 10:27:08,24.6,49.5
2017-11-22 10:22:06,24.6,48.4
2017-11-22 10:06:56,24.5,50.3
2017-11-22 09:58:50,24.8,49.9
2017-11-22 09:56:49,24.7,50.4
2017-11-22 09:48:53,24.7,49.9
2017-11-22 09:47:11,24.8,49.3
2017-11-22 09:46:27,24.8,49.3
2017-11-22 09:04:58,24.6,54.2
2017-11-22 09:04:24,24.7,54.4
2017-11-22 08:49:12,24.6,56.5
2017-11-22 08:39:01,25.1,55.1
2017-11-22 08:37:34,25.1,55.1
2017-11-22 08:32:38,24.7,55.7
2017-11-22 08:24:35,24.7,54.1
2017-11-22 08:22:15,24.6,53.8
2017-11-22 08:17:16,24.4,53.1
2017-11-22 08:07:44,24.4,53
2017-11-22 08:00:15,24.3,54.3
2017-11-22 07:29:49,24.6,58
2017-11-22 07:27:12,24.5,58
2017-11-22 07:26:24,24.4,57.6
2017-11-22 07:09:24,24.3,54.6
2017-11-22 07:06:20,24.2,53.2
2017-11-22 06:57:21,24.1,52.9
2017-11-22 06:50:45,24.2,54
2017-11-22 06:38:52,24.5,57.6
2017-11-22 06:32:37,24.7,59
2017-11-22 06:24:24,24.7,57.9
2017-11-22 06:23:39,24.7,57.9
2017-11-22 06:22:25,24.7,57.1
2017-11-22 06:17:41,24.7,59.3
2017-11-22 06:09:31,24.4,58.7
2017-11-22 06:05:41,24.7,58.2
2017-11-22 05:57:28,24.8,58.2
2017-11-22 05:49:27,25,56.9
2017-11-22 05:35:42,24.9,56.1
2017-11-22 05:30:16,25.1,57.8
2017-11-22 05:26:58,25.1,57.9
2017-11-22 05:23:04,25.1,57.7
2017-11-22 05:15:02,25.2,57.5
2017-11-22 04:54:26,25,58
2017-11-22 04:53:48,25.1,58
2017-11-22 04:53:19,25.1,58
2017-11-22 04:52:28,25.1,57.9
2017-11-22 04:49:29,25.2,57.5
2017-11-22 04:47:27,25.4,56.8
2017-11-22 04:29:44,25,58.3
2017-11-22 04:28:16,25,58.1
2017-11-22 04:09:34,25.2,57.3
2017-11-22 04:08:04,25.3,57.2
2017-11-22 04:00:55,24.9,58.3
2017-11-22 04:00:21,24.9,58.3
2017-11-22 03:56:05,24.9,58.1
2017-11-22 03:44:53,25.2,57.5
2017-11-22 03:43:01,25.2,57
2017-11-22 03:30:47,25.1,57.9
2017-11-22 03:27:46,24.9,58.2
2017-11-22 03:20:06,24.9,58.2
2017-11-22 03:10:22,25.2,57.3
2017-11-22 03:09:49,25.2,57.2
2017-11-22 03:07:57,25.3,56.8
2017-11-22 03:01:21,25.1,57.4
2017-11-22 03:00:08,25.1,57.6
2017-11-22 02:59:38,25.1,57.7
2017-11-22 02:57:57,25,58
2017-11-22 02:51:08,24.9,58.2
2017-11-22 02:48:34,24.9,58.2
2017-11-22 02:34:57,25.2,57.1
2017-11-22 02:33:26,25.2,57
2017-11-22 02:28:21,25.2,57
2017-11-22 02:21:46,24.8,58.1
2017-11-22 02:18:00,24.9,58.2
2017-11-22 02:09:46,25,57.9
2017-11-22 02:08:29,25,57.8
2017-11-22 02:07:57,25,57.8
2017-11-22 02:00:00,25.4,56.7
2017-11-22 01:56:36,25.3,57
2017-11-22 01:53:13,25.2,57.4
2017-11-22 01:44:52,24.8,58.3
2017-11-22 01:41:33,24.9,58.2
2017-11-22 01:40:17,24.9,58.2
2017-11-22 01:30:09,25.2,57.4
2017-11-22 01:28:39,25.3,57
2017-11-22 01:28:08,25.3,56.8
2017-11-22 01:22:06,25.2,57.4
2017-11-22 01:21:16,25.2,57.4
2017-11-22 01:10:00,24.9,58.4
2017-11-22 00:59:57,25,57.9
2017-11-22 00:58:07,25.1,57.7
2017-11-22 00:50:11,25.3,56.9
2017-11-22 00:48:26,25.3,57
2017-11-22 00:35:12,24.9,58.5
2017-11-22 00:33:08,24.9,58.6
2017-11-22 00:30:06,24.9,58.5
2017-11-22 00:26:44,24.9,58.5
2017-11-22 00:20:22,25,58.2
2017-11-22 00:16:02,25.1,58
2017-11-22 00:10:06,25.2,57.7
2017-11-22 00:06:55,25,58
2017-11-22 00:06:19,25,58.2
2017-11-22 00:05:47,25,58.3
2017-11-22 00:05:17,24.9,58.5
2017-11-22 00:04:03,24.8,58.7
2017-11-21 23:45:08,24.9,58.3
2017-11-21 23:43:11,25,58
2017-11-21 23:41:00,25.1,57.5
2017-11-21 23:35:18,25,57.8
2017-11-21 23:30:19,24.6,59
2017-11-21 23:25:21,24.6,59.5
2017-11-21 23:20:06,24.6,58.8
2017-11-21 23:18:06,24.7,58.7
2017-11-21 23:16:32,24.7,58.6
2017-11-21 23:10:54,24.7,57.7
2017-11-21 23:06:21,24.6,57
2017-11-21 22:55:31,24.4,58.5
2017-11-21 22:53:17,24.3,58.4
2017-11-21 22:45:21,24.5,58
2017-11-21 22:43:46,24.5,57.7
2017-11-21 22:35:21,25,56
2017-11-21 22:33:16,25.1,56.4
2017-11-21 22:28:44,24.8,57
2017-11-21 22:21:10,24.6,56.5
2017-11-21 22:16:25,24.6,57.4
2017-11-21 22:05:20,24.8,56.6
2017-11-21 22:03:32,24.8,56.3
2017-11-21 21:56:43,24.7,55.4
2017-11-21 21:50:16,24.6,57
2017-11-21 21:45:29,24.5,56.4
2017-11-21 21:40:34,24.6,55.3
2017-11-21 21:35:33,24.7,55.5
2017-11-21 21:30:31,24.8,56.3
2017-11-21 21:25:30,25.1,55.4
2017-11-21 21:21:12,25.1,56.5
2017-11-21 21:20:33,25,56.6
2017-11-21 21:16:43,24.7,57
2017-11-21 21:16:13,24.7,57.3
2017-11-21 21:11:34,24.5,55.9
2017-11-21 21:09:09,24.6,55.9
2017-11-21 21:03:41,24.6,56.4
2017-11-21 20:55:51,24.4,53.2
2017-11-21 20:53:25,24.3,53.4
2017-11-21 20:46:57,24.4,52.4
2017-11-21 20:43:41,24.4,53.3
2017-11-21 20:38:32,24.6,54.1
2017-11-21 20:30:27,24.7,56.3
2017-11-21 20:25:43,24.7,56.4
2017-11-21 20:20:44,24.6,56.3
2017-11-21 20:16:33,24.5,55.7
2017-11-21 20:15:43,24.5,55.8
2017-11-21 20:10:42,24.4,55
2017-11-21 20:05:40,24.3,53.2
2017-11-21 20:00:55,24.2,50.1
2017-11-21 19:56:00,24.2,47.8
2017-11-21 19:51:57,24.4,47.2
2017-11-21 19:42:01,25,47.7
2017-11-21 19:38:33,25.3,49.7
2017-11-21 19:33:00,25.6,50.7
2017-11-21 19:31:46,25.6,50.6
2017-11-21 19:25:41,25.5,50
2017-11-21 19:23:42,25.4,50
2017-11-21 19:16:45,25.4,49.3
2017-11-21 19:13:48,25.4,49.4
2017-11-21 19:08:45,25.4,49.2
2017-11-21 19:02:27,25.4,48.5
2017-11-21 18:52:37,25,48
2017-11-21 18:52:07,25,47.8
2017-11-21 18:42:07,24.7,47.7
2017-11-21 18:40:50,24.6,47.6
2017-11-21 18:39:37,24.6,47.7
2017-11-21 18:30:43,24.7,48.3
2017-11-21 18:28:48,24.6,48.5
2017-11-21 18:24:12,24.6,48.9
2017-11-21 18:20:10,24.6,49.5
2017-11-21 18:15:12,24.7,48.8
2017-11-21 18:13:58,24.8,48.8
2017-11-21 18:07:20,24.8,49.3
2017-11-21 18:04:01,24.8,49.4
2017-11-21 17:57:40,24.9,49.7
2017-11-21 17:54:43,25.1,50.7
2017-11-21 17:38:08,26.3,49.9
2017-11-21 17:34:42,26.3,49.9
2017-11-21 17:26:17,26,50.7
2017-11-21 17:11:57,25.2,52.9
2017-11-21 16:52:01,24.4,51.9
2017-11-21 16:49:56,24.2,51.7
2017-11-21 16:31:46,24.6,51
2017-11-21 16:17:47,24.6,50.7
2017-11-21 16:14:42,24.1,49.5
2017-11-21 16:06:23,24.4,50.1
2017-11-21 16:00:59,24.4,49
2017-11-21 16:00:18,24.5,49
2017-11-21 15:59:42,24.6,49.3
2017-11-21 15:46:09,24.7,49.9
2017-11-21 15:44:20,24.6,50.6
2017-11-21 15:43:30,24.6,50.7
2017-11-21 15:42:36,24.6,51.2
2017-11-21 15:37:54,24.4,51.7
2017-11-21 15:31:19,24.3,52.1
2017-11-21 15:26:28,24.4,52.2
2017-11-21 15:21:30,24.6,51.5
2017-11-21 15:16:22,24.7,51.3
2017-11-21 15:11:08,24.7,51
2017-11-21 15:06:30,24.3,50.9
2017-11-21 15:02:17,24.1,49.8
2017-11-21 14:56:31,24.3,50
2017-11-21 14:51:33,24.7,50.3
2017-11-21 14:46:58,24.8,50.4
2017-11-21 14:41:29,25,51.6
2017-11-21 14:36:48,24.7,52.3
2017-11-21 14:31:47,24.7,52.5
2017-11-21 14:11:57,24.8,51.7
2017-11-21 14:10:35,24.7,51.2
2017-11-21 13:53:21,24.2,52
2017-11-21 13:44:56,24.3,53.6
2017-11-21 13:44:20,24.3,53.8
2017-11-21 13:41:16,24.4,53
2017-11-21 13:30:11,24.3,53.5
2017-11-21 13:29:24,24.3,53.6
2017-11-21 13:28:52,24.2,53.7
2017-11-21 13:14:09,24.3,53.1
2017-11-21 12:51:06,24.5,50.6
2017-11-21 12:44:44,24.5,50.9
2017-11-21 12:39:33,24.6,51.3
2017-11-21 12:32:03,24.8,52.5
2017-11-21 12:31:33,24.8,52.6
2017-11-21 12:30:15,24.8,53.2
2017-11-21 12:25:52,24.4,54
2017-11-21 12:11:47,24.2,54.6
2017-11-21 12:00:41,24.4,53.3
2017-11-21 11:50:17,24,52.1
2017-11-21 11:44:31,24.3,53
2017-11-21 11:43:55,24.3,52.9
2017-11-21 11:38:53,24.1,52.4
2017-11-21 11:21:44,24.4,55.1
2017-11-21 11:06:22,24.3,54.9
2017-11-21 11:04:57,24.4,54.3
2017-11-21 11:00:21,24.7,54
2017-11-21 10:36:57,24.1,52.5
2017-11-21 10:34:35,24.2,52.8
2017-11-21 10:21:47,24.9,55.1
2017-11-21 10:21:05,24.8,56.7
2017-11-21 10:11:52,24.3,56.8
2017-11-21 10:11:08,24.3,57
2017-11-21 10:02:07,24.1,56.2
2017-11-21 10:01:18,24.1,56.2
2017-11-21 09:50:28,24.2,56.2
2017-11-21 09:48:55,24.2,55.9
2017-11-21 09:47:20,24,54.8
2017-11-21 09:36:39,23.8,54
2017-11-21 09:35:52,23.8,54
2017-11-21 09:35:16,23.9,53.8
2017-11-21 09:27:06,24,55.3
2017-11-21 09:25:29,24,54.4
2017-11-21 09:17:08,24.4,55.2
2017-11-21 09:15:54,24.5,55.1
2017-11-21 09:00:20,24,55.6
2017-11-21 08:52:12,24,56.3
2017-11-21 08:50:37,23.9,56.7
2017-11-21 08:43:15,24,57.3
2017-11-21 08:31:45,24.2,58.4
2017-11-21 08:22:10,24.2,55.2
2017-11-21 08:18:50,24.2,54.5
2017-11-21 08:10:12,24.2,52.3
2017-11-21 08:02:41,23.8,52.6
2017-11-21 07:59:51,23.9,52.4
2017-11-21 07:51:48,24.2,53.9
2017-11-21 07:51:12,24.2,54
2017-11-21 07:50:14,24.2,54.3
2017-11-21 07:44:45,24.2,54.3
2017-11-21 07:37:26,24.2,54.4
2017-11-21 07:35:55,24.2,54.6
2017-11-21 07:27:18,24.1,56.3
2017-11-21 07:26:47,24.1,56.2
2017-11-21 07:25:02,24.2,56.4
2017-11-21 07:23:48,24.2,56.8
2017-11-21 07:15:21,24.1,55.3
2017-11-21 07:08:46,24.3,55.4
2017-11-21 06:52:18,23.9,51.5
2017-11-21 06:50:22,24,51.8
2017-11-21 06:42:53,24.1,52.5
2017-11-21 06:41:09,24.1,51.4
2017-11-21 06:22:25,24.3,53.8
2017-11-21 06:20:20,24.3,53.7
2017-11-21 06:17:23,24.3,53.9
2017-11-21 06:16:12,24.4,53.8
2017-11-21 06:07:28,24.6,53.8
2017-11-21 06:05:24,24.7,53.8
2017-11-21 05:57:19,24.5,55.1
2017-11-21 05:53:55,24.6,55.1
2017-11-21 05:48:10,24.7,55.3
2017-11-21 05:42:31,24.9,54.7
2017-11-21 05:40:15,25.2,54.5
2017-11-21 05:32:18,26.2,57.9
2017-11-21 05:29:03,26.1,58.3
2017-11-21 05:12:49,26,58.9
2017-11-21 05:07:36,26,58.8
2017-11-21 05:02:38,26.1,58.5
2017-11-21 04:57:32,26.1,58.4
2017-11-21 04:52:11,26.1,58.7
2017-11-21 04:44:25,26,59
2017-11-21 04:43:54,26,58.9
2017-11-21 04:41:31,26,58.8
2017-11-21 04:35:41,26.1,58.4
2017-11-21 04:28:20,26.3,57.6
2017-11-21 04:26:34,26.4,57.4
2017-11-21 04:10:30,26.1,58.7
2017-11-21 04:02:30,26.1,58.6
2017-11-21 04:00:35,26.2,58.5
2017-11-21 03:52:41,26.2,58.1
2017-11-21 03:50:46,26.3,58
2017-11-21 03:44:16,26.2,58.2
2017-11-21 03:43:02,26.2,58.2
2017-11-21 03:38:22,26.2,58.3
2017-11-21 03:34:04,26.2,58.3
2017-11-21 03:30:58,26.2,58.2
2017-11-21 03:26:02,26.3,58.1
2017-11-21 03:20:51,26.3,57.8
2017-11-21 03:12:44,26.3,57.8
2017-11-21 03:09:24,26.3,57.7
2017-11-21 03:02:31,26.5,57.5
2017-11-21 02:52:50,26.3,58
2017-11-21 02:42:47,26.3,58.3
2017-11-21 02:40:43,26.3,58.2
2017-11-21 02:32:41,26.2,58.3
2017-11-21 02:29:20,26.2,58.3
2017-11-21 02:25:46,26.3,58.2
2017-11-21 02:17:48,26.3,58.2
2017-11-21 02:15:51,26.3,58.2
2017-11-21 02:09:11,26.3,58.1
2017-11-21 01:58:15,26.3,58.4
2017-11-21 01:57:45,26.3,58.4
2017-11-21 01:54:31,26.3,58.2
2017-11-21 01:50:45,26.3,58
2017-11-21 01:47:48,26.4,57.9
2017-11-21 01:46:37,26.4,57.8
2017-11-21 01:37:51,26.4,57.8
2017-11-21 01:36:54,26.4,57.7
2017-11-21 01:36:18,26.4,57.7
2017-11-21 01:27:56,26.4,57.9
2017-11-21 01:26:05,26.4,58.2
2017-11-21 01:18:08,26.4,58.3
2017-11-21 01:15:53,26.4,58.2
2017-11-21 01:11:12,26.4,58
2017-11-21 01:03:05,26.4,57.8
2017-11-21 00:52:58,26.4,58
2017-11-21 00:43:12,26.4,57.6
2017-11-21 00:41:40,26.5,57.5
2017-11-21 00:28:11,26.6,56.9
2017-11-21 00:26:01,26.6,56.7
2017-11-21 00:21:16,26.6,56.6
2017-11-21 00:11:16,26.6,56.6
2017-11-21 00:03:09,26.5,56.5
2017-11-21 00:01:55,26.6,56.5
2017-11-20 23:46:07,26.6,56
2017-11-20 23:39:34,26.5,55.7
2017-11-20 23:36:02,26.5,55.6
2017-11-20 23:28:08,26.5,55.2
2017-11-20 23:26:33,26.5,55.4
2017-11-20 23:16:08,26.6,54.9
2017-11-20 23:11:22,26.6,54.3
2017-11-20 23:03:35,26.6,54.1
2017-11-20 22:52:52,26.6,53.1
